length(mm),swing(rad),up_down(rad),FR(N),FL(N),RR(N),RL(N),External_force(N),Time(sec)
837.27784,0,0,0,0,4.37E-06,0,0,0
837.27784,0,0,13508.899,14384.809,0,0,0,0.080121
837.27784,0,0,9770.6906,10388.21,0,0,0,0.160121
837.27784,0,0,25150.676,27083.609,0,0,0,0.240121
837.27784,0,0,29953.762,31991.24,0,4.8823176,0,0.320121
837.27784,0,0,32732.927,34745.994,80.405066,194.00348,0,0.400121
837.27784,0,0,33604.583,35947.663,0,4.3825915,0,0.480121
837.27784,0,0,29337.428,31140.898,0.28109832,8.0067439,0,0.560121
837.27784,0,0,25747.02,27627.207,0,0,0,0.640121
837.27784,0,0,22145.527,23803.004,0,0,0,0.720121
837.27784,0,0,20933.952,22470.888,0,0,0,0.800121
837.27784,0,0,26594.238,28309.45,0,0,0,0.880121
837.27784,0,0,39798.59,41662.779,3844.2591,4393.7626,0,0.960121
837.27784,0,0,67788.39,69782.338,29525.857,30761.211,0,1.040121
837.27784,0,0,90704.364,92786.301,63256.58,64919.24,0,1.120121
837.27784,0,0,75795.619,77671.371,32005.703,33146.802,0,1.200121
837.27784,0,0,48053.859,50261.613,4205.2073,4828.2797,0,1.280121
837.27784,0,0,45161.48,47284.736,5260.478,5947.095,0,1.360121
837.27784,0,0,66240.91,68053.33,33948.78,35175.967,0,1.440121
837.27784,0,0,71166.002,72942.678,34113.24,35265.879,0,1.520121
837.27784,0,0,54673.182,56585.438,13069.581,13943.791,0,1.600121
837.27784,0,0,53681.092,55779.696,15683.667,16749.513,0,1.680121
837.27784,0,0,65474.884,67443.944,27888.396,29097.359,0,1.760121
837.27784,0,0,67176.016,68778.317,28745.273,29723.619,0,1.840121
837.27784,0,0,56704.677,58632.323,18528.563,19565.999,0,1.920121
837.27784,0,0,53384.227,55507.07,15943.193,17042.666,0,2.000121
837.27784,0,0,61815.384,63710.476,23791.743,24900.177,0,2.080121
837.27784,0,0,67577.955,69179.602,29343.803,30324.51,0,2.160121
837.27784,0,0,60261.34,62132.75,21981.492,23038.957,0,2.240121
837.27784,0,0,53676.698,55790.145,16199.832,17293.152,0,2.320121
837.27784,0,0,58449.9,60419.49,20555.824,21658.178,0,2.400121
837.27784,0,0,66496.908,68170.282,28322.731,29336.152,0,2.480121
837.27784,0,0,63385.456,65146.549,25056.327,26093.837,0,2.560121
837.27784,0,0,55212.461,57267.399,17526.525,18619.372,0,2.640121
837.27784,0,0,56028.909,58081.387,18347.603,19455.836,0,2.720121
837.27784,0,0,64211.248,65976.602,26065.033,27114.844,0,2.800121
837.27784,0,0,65407.043,67078.989,27142.306,28152.487,0,2.880121
837.27784,0,0,57651.418,59620.061,19671.785,20753.696,0,2.960121
837.27784,0,0,54894.468,56976.623,17336.255,18439.987,0,3.040121
837.27784,0,0,61423.543,63287.819,23369.148,24448.525,0,3.120121
837.27784,0,0,65983.557,67649.724,27790.537,28802.398,0,3.200121
837.27784,0,0,60350.706,62212.983,22172.185,23237.664,0,3.280121
837.27784,0,0,55045.99,57101.412,17439.793,18533.612,0,3.360121
837.27784,0,0,58860.22,60815.404,20961.644,22056.671,0,3.440121
837.27784,0,0,65217.172,66929.803,27065.622,28097.629,0,3.520121
837.27784,0,0,62688.116,64471.665,24456.175,25498.88,0,3.600121
837.27784,0,0,56236.97,58248.632,18451.341,19537.287,0,3.680121
837.27784,0,0,57012.308,59033.338,19264.999,20368.571,0,3.760121
837.27784,0,0,63521.373,65296.973,25415.203,26466.101,0,3.840121
837.27784,0,0,64222.326,65941.585,26004.686,27034.612,0,3.920121
837.27784,0,0,58045.488,59998.42,20083.728,21163.871,0,4.000121
837.27784,0,0,56110.357,58145.377,18435.03,19533.377,0,4.080121
837.27784,0,0,61446.962,63296.28,23418.789,24493.944,0,4.160121
837.27784,0,0,64711.276,66424.221,26544.793,27573.132,0,4.240121
837.27784,0,0,60074.813,61955.846,21963.369,23029.868,0,4.320121
837.27784,0,0,56151.164,58164.824,18444.496,19535.809,0,4.400121
837.27784,0,0,59490.719,61417.744,21574.287,22666.154,0,4.480121
837.27784,0,0,64226.997,65972.698,26109.379,27151.781,0,4.560121
837.27784,0,0,61860.932,63670.542,23688.245,24741.534,0,4.640121
837.27784,0,0,56964.665,58940.392,19147.945,20231.536,0,4.720121
837.27784,0,0,58038.893,60014.643,20211.184,21310.108,0,4.800121
837.27784,0,0,63059.536,64851.595,24982.04,26040.176,0,4.880121
837.27784,0,0,63075.288,64843.52,24906.528,25950.154,0,4.960121
837.27784,0,-1.68E-05,58385.736,60316.756,20267.589,21343.903,0,5.040121
837.27784,0,-0.000149891,57500.595,59507.841,19383.079,20480.548,0,5.120121
837.27784,0,-0.000413791,61654.542,63491.013,23575.355,24640.33,0,5.200121
837.27784,0,-0.000806367,63852.175,65633.99,25275.623,26328.481,0,5.280121
837.27784,0,-0.001325476,59792.89,61669.761,21716.756,22777.372,0,5.360121
837.27784,0,-0.001968971,57385.648,59390.497,19257.709,20345.922,0,5.440121
837.27784,0,-0.002734709,60164.498,62057.688,22168.37,23250.313,0,5.520121
837.27784,0,-0.003620544,63551.745,65330.473,25174.259,26229.896,0,5.600121
837.27784,0,-0.004624333,61240.583,63083.417,22986.16,24041.222,0,5.680121
837.27784,0,-0.00574393,57724.86,59701.184,19778.644,20869.131,0,5.760121
837.27784,0,-0.006977191,59051.494,60995.839,20999.261,22090.72,0,5.840121
837.27784,0,-0.00832197,62629.037,64429.39,24557.436,25611.275,0,5.920121
837.27784,0,-0.009776125,62288.369,64104.495,23954.679,25011.967,0,6.000121
837.27784,0,-0.011337509,58553.038,60477.999,20679.612,21756.211,0,6.080121
837.27784,0,-0.013003978,58307.237,60277.16,20349.267,21442.096,0,6.160121
837.27784,0,-0.014773388,61502.827,63339.503,23561.193,24633.475,0,6.240121
837.27784,0,-0.016643593,62692.723,64478.783,24517.804,25567.421,0,6.320121
837.27784,0,-0.01861245,59673.296,61559.135,21726.049,22791.49,0,6.400121
837.27784,0,-0.020677813,58007.851,59962.556,20251.148,21342.903,0,6.480121
837.27784,0,-0.022837538,60354.009,62238.88,22495.472,23576.71,0,6.560121
837.27784,0,-0.02508948,62505.979,64304.196,24569.283,25625.357,0,6.640121
837.27784,0,-0.027431495,60733.639,62583.394,22769.255,23832.205,0,6.720121
837.27784,0,-0.029861437,58219.827,60151.207,20609.993,21691.912,0,6.800121
837.27784,0,-0.032377163,59358.062,61278.017,21641.802,22732.536,0,6.880121
837.27784,0,-0.034976527,61865.898,63689.808,24140.6,25202.9,0,6.960121
837.27784,0,-0.037657385,61474.442,63282.383,23620.877,24677.222,0,7.040121
837.27784,0,-0.040417592,58855.243,60760.493,21298.702,22374.984,0,7.120121
837.27784,0,-0.043255004,58672.031,60592.112,21180.159,22267.784,0,7.200121
837.27784,0,-0.046167476,60979.415,62823.192,23418.389,24490.795,0,7.280121
837.27784,0,-0.049152862,61739.149,63540.54,24098.813,25157.584,0,7.360121
837.27784,0,-0.05220902,59671.504,61534.717,22166.246,23231.052,0,7.440121
837.27784,0,-0.055333803,58437.635,60352.674,21143.557,22227.775,0,7.520121
837.27784,0,-0.058525068,60013.472,61886.024,22664.925,23748.261,0,7.600121
837.27784,0,-0.061780669,61537.821,63341.836,24133.66,25190.679,0,7.680121
837.27784,0,-0.065098462,60400.757,62232.399,23013.627,24078.643,0,7.760121
837.27784,0,-0.068476302,58623.935,60527.159,21493.713,22576.258,0,7.840121
837.27784,0,-0.071912045,59224.11,61114.325,22109.077,23197.16,0,7.920121
837.27784,0,-0.075403546,60955.171,62786.801,23797.647,24869.771,0,8.000121
837.27784,0,-0.07894866,60842.733,62655.262,23652.053,24710.042,0,8.080121
837.27784,0,-0.082545242,59111.036,60977.952,22121.248,23194.794,0,8.160121
837.27784,0,-0.086191149,58752.852,60638.991,21876.07,22962.514,0,8.240121
837.27784,0,-0.089884235,60171.842,62014.429,23288.894,24365.481,0,8.320121
837.27784,0,-0.093622355,60890.264,62702.244,23939.128,25005.039,0,8.400121
837.27784,0,-0.097403366,59665.321,61504.781,22841.038,23908.104,0,8.480121
837.27784,0,-0.10122512,58661.568,60534.467,22009.33,23088.239,0,8.560121
837.27784,0,-0.10508548,59436.751,61290.45,22827.201,23910.768,0,8.640121
837.27784,0,-0.10898229,60558.258,62370.112,23884.541,24956.361,0,8.720121
837.27784,0,-0.11291341,60074.968,61879.953,23457.568,24523.914,0,8.800121
837.27784,0,-0.1168767,58869.259,60722.71,22423.106,23496.457,0,8.880121
837.27784,0,-0.12087002,58914.66,60773.88,22582.633,23663.009,0,8.960121
837.27784,0,-0.12489121,59978.361,61805.313,23628.945,24701.843,0,9.040121
837.27784,0,-0.12893813,60185.493,61985.817,23832.137,24901.206,0,9.120121
837.27784,0,-0.13300864,59211.159,61039.669,22973.148,24045.136,0,9.200121
837.27784,0,-0.13710059,58688.793,60540.258,22618.976,23695.846,0,9.280121
837.27784,0,-0.14121185,59371.383,61213.466,23332.617,24414.092,0,9.360121
837.27784,0,-0.14534025,59983.39,61780.875,23934.507,25006.179,0,9.440121
837.27784,0,-0.14948367,59488.578,61299.888,23502.581,24573.767,0,9.520121
837.27784,0,-0.15363995,58727.043,60562.549,22905.126,23976.802,0,9.600121
837.27784,0,-0.15780695,58901.954,60732.804,23168.772,24246.062,0,9.680121
837.27784,0,-0.16198253,59572.205,61382.269,23846.99,24924.656,0,9.760121
837.27784,0,-0.16616453,59553.187,61349.378,23860.145,24929.594,0,9.840121
837.27784,0,-0.17035083,58886.078,60699.523,23315.54,24389.693,0,9.920121
837.27784,0,-0.17453926,58659.046,60478.61,23213.299,24287.113,0,10.000121
837.27784,0,-0.17872769,59099.467,60913.144,23718.843,24794.514,0,10.080121
837.27784,0,-0.18291398,59388.343,61175.885,24018.782,25092.126,0,10.160121
837.27784,0,-0.18709597,59007.582,60804.929,23718.049,24792.434,0,10.240121
837.27784,0,-0.19127152,58599.409,60407.246,23436.976,24509.47,0,10.320121
837.27784,0,-0.19543849,58735.762,60536.714,23671.307,24745.575,0,10.400121
837.27784,0,-0.19959474,59065.505,60872.866,24048.008,25123.752,0,10.480121
837.27784,0,-0.20373811,58983.377,60774.905,24011.244,25080.989,0,10.560121
837.27784,0,-0.20786647,58617.512,60412.593,23739.356,24812.767,0,10.640121
837.27784,0,-0.21197766,58528.153,60318.159,23764.13,24837.829,0,10.720121
837.27784,0,-0.21606956,58747.737,60528.621,24060.248,25138.853,0,10.800121
837.27784,0,-0.22014,58814.351,60596.188,24170.965,25250.072,0,10.880121
837.27784,0,-0.22418685,58582.355,60364.197,24023.943,25095.981,0,10.960121
837.27784,0,-0.22820796,58416.404,60196.532,23956.743,25033.833,0,11.040121
837.27784,0,-0.23220118,58488.736,60276.15,24132.515,25207.54,0,11.120121
837.27784,0,-0.23616438,58576.891,60357.463,24276.986,25358.157,0,11.200121
837.27784,0,-0.2400954,58470.047,60240.91,24231.232,25304.155,0,11.280121
837.27784,0,-0.24399211,58331.107,60101.209,24174.633,25245.255,0,11.360121
837.27784,0,-0.24785235,58316.581,60094.52,24260.245,25338.036,0,11.440121
837.27784,0,-0.25167398,58364.552,60137.386,24383.512,25462.354,0,11.520121
837.27784,0,-0.25545487,58319.162,60083.48,24402.349,25478.696,0,11.600121
837.27784,0,-0.25919286,58206.289,59964.643,24367.206,25444.116,0,11.680121
837.27784,0,-0.2628858,58153.637,59911.196,24407.199,25482.995,0,11.760121
837.27784,0,-0.26653156,58180.938,59941.287,24504.509,25582.073,0,11.840121
837.27784,0,-0.27012799,58169.906,59931.927,24568.977,25645.062,0,11.920121
837.27784,0,-0.27367295,58080.144,59831.422,24552.956,25628.829,0,12.000121
837.27784,0,-0.27716428,57997.979,59749.428,24554.915,25627.718,0,12.080121
837.27784,0,-0.28059985,57998.055,59750.083,24631.31,25704.197,0,12.160121
837.27784,0,-0.28397752,58013.638,59755.272,24706.114,25779.925,0,12.240121
837.27784,0,-0.28729512,57966.569,59714.132,24733.411,25808.087,0,12.320121
837.27784,0,-0.29055053,57875.534,59620.437,24720.529,25794.086,0,12.400121
837.27784,0,-0.2937416,57824.706,59571.28,24746.163,25819.878,0,12.480121
837.27784,0,-0.29686618,57832.34,59576.032,24817.505,25894.984,0,12.560121
837.27784,0,-0.29992213,57828.242,59569.413,24881.324,25958.656,0,12.640121
837.27784,0,-0.3029073,57770.992,59513.664,24890.581,25963.51,0,12.720121
837.27784,0,-0.30581954,57692.896,59429.428,24886.194,25962.052,0,12.800121
837.27784,0,-0.30865673,57681.669,59410.235,24925.937,25999.639,0,12.880121
837.27784,0,-0.3114167,57689.991,59419.086,25002.472,26076.063,0,12.960121
837.27784,0,-0.31409731,57661.422,59395.11,25029.986,26105.474,0,13.040121
837.27784,0,-0.31669642,57589.189,59319.77,25034.213,26104.433,0,13.120121
837.27784,0,-0.31921189,57547.939,59273.609,25037.582,26115.362,0,13.200121
837.27784,0,-0.32164157,57536.288,59264.63,25095.591,26170.378,0,13.280121
837.27784,0,-0.32398332,57542.563,59268.451,25148.655,26222.909,0,13.360121
837.27784,0,-0.32623499,57505.109,59227.919,25165.013,26242.194,0,13.440121
837.27784,0,-0.32839443,57440.679,59163.436,25160.269,26233.808,0,13.520121
837.27784,0,-0.3304595,57416.23,59137.516,25184.805,26258.182,0,13.600121
837.27784,0,-0.33242806,57416.837,59144.92,25229.756,26306.552,0,13.680121
837.27784,0,-0.33429797,57408.669,59127.855,25271.429,26349.614,0,13.760121
837.27784,0,-0.33606707,57368.349,59080.881,25262.869,26338.933,0,13.840121
837.27784,0,-0.33773322,57317.935,59027.416,25269.337,26339.847,0,13.920121
837.27784,0,-0.33929429,57312.099,59033.196,25300.065,26374.849,0,14.000121
837.27784,0,-0.34074811,57332.675,59046.569,25346.942,26424.025,0,14.080121
837.27784,0,-0.34209256,57304.491,59017,25358.113,26434.893,0,14.160121
837.27784,0,-0.34332548,57256.212,58968.261,25348.825,26417.289,0,14.240121
837.27784,0,-0.34444473,57230.9,58946.149,25354.977,26430.107,0,14.320121
837.27784,0,-0.34544816,57245.809,58963.055,25400.296,26473.432,0,14.400121
837.27784,0,-0.34633364,57261.539,58978.45,25424.952,26498.247,0,14.480121
837.27784,0,-0.34709901,57208.91,58925.038,25407.733,26480.687,0,14.560121
837.27784,0,-0.34774213,57171.122,58879.694,25389.95,26462.056,0,14.640121
837.27784,0,-0.34826086,57193.35,58898.587,25415.184,26487.476,0,14.720121
837.27784,0,-0.34865305,57218.074,58927.878,25460.418,26534.386,0,14.800121
837.27784,0,-0.34891656,57212.347,58914.107,25454.727,26529.554,0,14.880121
837.27784,0,-0.34904924,57156.822,58866.644,25420.538,26494.279,0,14.960121
837.27784,-7.57E-05,-0.34906585,57283.773,59253.9,25152.676,26387.562,0,15.040121
837.27784,-0.000674508,-0.34906585,56994.497,59400.175,25207.328,26731.406,0,15.120121
837.27784,-0.001862059,-0.34906585,57077.483,59794.572,24963.232,26678.426,0,15.200121
837.27784,-0.003628653,-0.34906585,56756.042,59390.958,25103.023,26778.279,0,15.280121
837.27784,-0.00596464,-0.34906585,57041.528,59543.074,24899.187,26479.985,0,15.360121
837.27784,-0.008860369,-0.34906585,57008.804,59285.403,25191.981,26636.624,0,15.440121
837.27784,-0.012306189,-0.34906585,57294.816,59495.558,25185.385,26567.978,0,15.520121
837.27784,-0.016292449,-0.34906585,57243.23,59324.726,25258.523,26569.63,0,15.600121
837.27784,-0.020809497,-0.34906585,57208.649,59206.366,25176.869,26435.461,0,15.680121
837.27784,-0.025847684,-0.34906585,57249.946,59181.247,25163.982,26374.106,0,15.760121
837.27784,-0.031397357,-0.34906585,57329.894,59151.611,25323.002,26468.351,0,15.840121
837.27784,-0.037448867,-0.34906585,57535.967,59222.593,25354.827,26412.158,0,15.920121
837.27784,-0.043992561,-0.34906585,57483.496,58990.343,25420.72,26360.047,0,16.000121
837.27784,-0.05101879,-0.34906585,57555.627,58907.399,25343.789,26181.474,0,16.080121
837.27784,-0.058517901,-0.34906585,57596.396,58794.65,25456.298,26203.241,0,16.160121
837.27784,-0.066480245,-0.34906585,57790.504,58841.769,25555.206,26197.715,0,16.240121
837.27784,-0.07489617,-0.34906585,57875.599,58732.072,25647.136,26164.799,0,16.320121
837.27784,-0.083756025,-0.34906585,57907.938,58549.212,25649.16,26027.811,0,16.400121
837.27784,-0.093050159,-0.34906585,57973.42,58433.501,25681.523,25933.477,0,16.480121
837.27784,-0.10276892,-0.34906585,58099.775,58363.335,25803.456,25941.453,0,16.560121
837.27784,-0.11290266,-0.34906585,58251.665,58318.513,25911.054,25914.316,0,16.640121
837.27784,-0.12344173,-0.34906585,58336.451,58157,25988.809,25828.837,0,16.720121
837.27784,-0.13437647,-0.34906585,58406.584,57967.45,26021.439,25701.85,0,16.800121
837.27784,-0.14569723,-0.34906585,58492.051,57831.866,26109.492,25643.046,0,16.880121
837.27784,-0.15739437,-0.34906585,58651.159,57753.496,26237.768,25621.632,0,16.960121
837.27784,-0.16945823,-0.34906585,58778.309,57636.671,26363.218,25582.659,0,17.040121
837.27784,-0.18187916,-0.34906585,58860.037,57445.724,26438.897,25481.491,0,17.120121
837.27784,-0.19464752,-0.34906585,58949.312,57252.554,26511.251,25372.678,0,17.200121
837.27784,-0.20775364,-0.34906585,59057.114,57110.864,26639.35,25335.938,0,17.280121
837.27784,-0.22118788,-0.34906585,59151.722,57075.855,26736.937,25347.37,0,17.360121
837.27784,-0.23494059,-0.34906585,59245.336,56929.152,26852.583,25299.735,0,17.440121
837.27784,-0.24900211,-0.34906585,59332.057,56716.883,26941.59,25197.739,0,17.520121
837.27784,-0.2633628,-0.34906585,59414.614,56515.922,27052.507,25130.761,0,17.600121
837.27784,-0.27801301,-0.34906585,59544.914,56370.195,27208.966,25096.831,0,17.680121
837.27784,-0.29294308,-0.34906585,59673.445,56204.16,27373.75,25060.289,0,17.760121
837.27784,-0.30814336,-0.34906585,59785.461,55982.371,27506.866,24981.05,0,17.840121
837.27784,-0.3236042,-0.34906585,59866.005,55749.512,27636.306,24896.535,0,17.920121
837.27784,-0.33931596,-0.34906585,59981.334,55553.804,27786.822,24845.913,0,18.000121
837.27784,-0.35526897,-0.34906585,60097.066,55362.52,27972.743,24818.816,0,18.080121
837.27784,-0.37145359,-0.34906585,60216.839,55153.061,28137.409,24768.552,0,18.160121
837.27784,-0.38786017,-0.34906585,60297.456,54916.549,28296.087,24713.008,0,18.240121
837.27784,-0.40447906,-0.34906585,60381.951,54680.992,28450.94,24643.374,0,18.320121
837.27784,-0.4213006,-0.34906585,60476.306,54455.274,28637.324,24614.665,0,18.400121
837.27784,-0.43831515,-0.34906585,60597.433,54255.654,28837.8,24592.718,0,18.480121
837.27784,-0.45551305,-0.34906585,60678.138,54005.983,29022.855,24553.927,0,18.560121
837.27784,-0.47288465,-0.34906585,60743.828,53751.519,29195.878,24499.42,0,18.640121
837.27784,-0.49042031,-0.34906585,60822.311,53499.097,29389.368,24466.11,0,18.720121
837.27784,-0.50811036,-0.34906585,60908.559,53279.082,29594.463,24451.337,0,18.800121
837.27784,-0.52594517,-0.34906585,60983.617,53027.682,29809.372,24436.496,0,18.880121
837.27784,-0.54391508,-0.34906585,61049.039,52762.994,30007.859,24402.797,0,18.960121
837.27784,-0.56201043,-0.34906585,61097.183,52494.136,30208.558,24378.125,0,19.040121
837.27784,-0.58022158,-0.34906585,61163.804,52259.051,30421.615,24366.757,0,19.120121
837.27784,-0.59853888,-0.34906585,61227.689,52001.355,30651.109,24369.371,0,19.200121
837.27784,-0.61695267,-0.34906585,61267.951,51735.921,30867.009,24354.272,0,19.280121
837.27784,-0.63545331,-0.34906585,61301.201,51462.628,31085.174,24347.035,0,19.360121
837.27784,-0.65403114,-0.34906585,61344.331,51210.915,31311.085,24350.043,0,19.440121
837.27784,-0.67267651,-0.34906585,61378.914,50950.959,31547.093,24362.453,0,19.520121
837.27784,-0.69137977,-0.34906585,61400.802,50682.569,31777.316,24370.683,0,19.600121
837.27784,-0.71013128,-0.34906585,61411.055,50407.939,32003.65,24379.285,0,19.680121
837.27784,-0.72892137,-0.34906585,61426.331,50143.908,32237.836,24395.616,0,19.760121
837.27784,-0.7477404,-0.34906585,61435.896,49888.285,32476.395,24421.919,0,19.840121
837.27784,-0.76657872,-0.34906585,61438.638,49620.578,32718.236,24449.674,0,19.920121
837.27784,-0.78542667,-0.34906585,61430.527,49348.64,32957.067,24471.416,0,20.000121
837.27784,-0.80427461,-0.34906585,61415.39,49083.241,33196.782,24505.621,0,20.080121
837.27784,-0.82311289,-0.34906585,61404.546,48817.233,33444.339,24540.09,0,20.160121
837.27784,-0.84193185,-0.34906585,61389.107,48563.901,33689.353,24586.928,0,20.240121
837.27784,-0.86072184,-0.34906585,61362.563,48293.928,33927.8,24624.19,0,20.320121
837.27784,-0.87947321,-0.34906585,61324.437,48037.813,34172.899,24668.894,0,20.400121
837.27784,-0.89817631,-0.34906585,61289.891,47785.184,34417.204,24728.051,0,20.480121
837.27784,-0.91682149,-0.34906585,61242.553,47534.05,34666.739,24789.454,0,20.560121
837.27784,-0.9353991,-0.34906585,61200.942,47280.566,34904.571,24842.574,0,20.640121
837.27784,-0.95389949,-0.34906585,61131.954,47021.015,35145.903,24902.417,0,20.720121
837.27784,-0.97231301,-0.34906585,61067.32,46778.595,35385.463,24969.167,0,20.800121
837.27784,-0.99063,-0.34906585,61013.133,46544.152,35626.806,25043.553,0,20.880121
837.27784,-1.0088408,-0.34906585,60938.366,46302.476,35870.555,25122.739,0,20.960121
837.27784,-1.0269358,-0.34906585,60868.18,46065.01,36105.593,25191.762,0,21.040121
837.27784,-1.0449053,-0.34906585,60779.799,45817.499,36337.88,25263.798,0,21.120121
837.27784,-1.0627397,-0.34906585,60700.455,45590.254,36569.23,25343.151,0,21.200121
837.27784,-1.0804293,-0.34906585,60616.969,45370.054,36810.734,25433.782,0,21.280121
837.27784,-1.0979645,-0.34906585,60524.982,45147.329,37041.266,25520.087,0,21.360121
837.27784,-1.1153356,-0.34906585,60427.13,44925.719,37260.171,25606.648,0,21.440121
837.27784,-1.1325329,-0.34906585,60320.463,44708.947,37476.88,25693.792,0,21.520121
837.27784,-1.1495469,-0.34906585,60220.986,44507.528,37699.463,25791.886,0,21.600121
837.27784,-1.1663679,-0.34906585,60112.092,44303.592,37922.298,25891.677,0,21.680121
837.27784,-1.1829861,-0.34906585,60014.179,44100.518,38134.453,25987.835,0,21.760121
837.27784,-1.199392,-0.34906585,59891.704,43898.007,38338.281,26074.396,0,21.840121
837.27784,-1.215576,-0.34906585,59774.283,43715.459,38541.852,26174.133,0,21.920121
837.27784,-1.2315283,-0.34906585,59655.85,43526.25,38748.158,26285.606,0,22.000121
837.27784,-1.2472393,-0.34906585,59549.073,43360.85,38948.731,26386.021,0,22.080121
837.27784,-1.2626993,-0.34906585,59431.398,43170.431,39138.01,26481.169,0,22.160121
837.27784,-1.2778988,-0.34906585,59311.155,42989.904,39319.266,26576.521,0,22.240121
837.27784,-1.2928281,-0.34906585,59186.605,42825.998,39507.399,26680.385,0,22.320121
837.27784,-1.3074774,-0.34906585,59076.767,42680.4,39693.315,26794.996,0,22.400121
837.27784,-1.3218372,-0.34906585,58959.707,42526.339,39877.39,26906.058,0,22.480121
837.27784,-1.3358978,-0.34906585,58826.043,42369.322,40028.241,26985.573,0,22.560121
837.27784,-1.3496496,-0.34906585,58693.917,42198.895,40192.789,27089.765,0,22.640121
837.27784,-1.3630828,-0.34906585,58582.745,42081.61,40348.804,27193.651,0,22.720121
837.27784,-1.3761879,-0.34906585,58469.705,41945.728,40530.059,27308.844,0,22.800121
837.27784,-1.3889553,-0.34906585,58357.583,41811.804,40668.135,27401.97,0,22.880121
837.27784,-1.4013751,-0.34906585,58224.865,41682.37,40805.49,27497.165,0,22.960121
837.27784,-1.4134379,-0.34906585,58112.894,41570.435,40945.469,27592.117,0,23.040121
837.27784,-1.4251339,-0.34906585,58002.037,41457.196,41090.049,27699.641,0,23.120121
837.27784,-1.4364535,-0.34906585,57889.845,41353.402,41209.774,27790.997,0,23.200121
837.27784,-1.4473871,-0.34906585,57769.832,41222.599,41329.417,27874.201,0,23.280121
837.27784,-1.4579249,-0.34906585,57665.069,41128.296,41443.621,27961.297,0,23.360121
837.27784,-1.4680574,-0.34906585,57551.484,41040.692,41569.167,28067.171,0,23.440121
837.27784,-1.4777749,-0.34906585,57454.249,40960.789,41675.646,28156.608,0,23.520121
837.27784,-1.4870678,-0.34906585,57348.847,40855.369,41770.483,28219.158,0,23.600121
837.27784,-1.4959263,-0.34906585,57258.895,40777.791,41864.102,28297.018,0,23.680121
837.27784,-1.5043409,-0.34906585,57171.929,40709.104,41969.933,28383.841,0,23.760121
837.27784,-1.5123018,-0.34906585,57089.169,40639.856,42049.38,28454,0,23.840121
837.27784,-1.5197995,-0.34906585,56987.789,40563.886,42130.912,28524.843,0,23.920121
837.27784,-1.5268243,-0.34906585,56924.158,40512.557,42202.17,28589.796,0,24.000121
837.27784,-1.5333665,-0.34906585,56842.876,40441.156,42281.942,28655.323,0,24.080121
837.27784,-1.5394165,-0.34906585,56763.45,40400.014,42331.887,28713.728,0,24.160121
837.27784,-1.5449647,-0.34906585,56703.379,40347.775,42398.589,28771.787,0,24.240121
837.27784,-1.5500013,-0.34906585,56659.389,40304.173,42461.297,28820.191,0,24.320121
837.27784,-1.5545167,-0.34906585,56594.478,40252.755,42505.716,28857.549,0,24.400121
837.27784,-1.5585014,-0.34906585,56547.143,40218.231,42551.548,28899.769,0,24.480121
837.27784,-1.5619456,-0.34906585,56495.653,40197.408,42586.925,28945.748,0,24.560121
837.27784,-1.5648396,-0.34906585,56461.102,40157.641,42627.856,28972.789,0,24.640121
837.27784,-1.5671739,-0.34906585,56439.83,40145.297,42653.761,29003.257,0,24.720121
837.27784,-1.5689387,-0.34906585,56400.22,40117.061,42679.723,29022.53,0,24.800121
837.27784,-1.5701245,-0.34906585,56376.019,40104.369,42686.882,29034.903,0,24.880121
837.27784,-1.5707216,-0.34906585,56360.728,40090.51,42700.819,29045.623,0,24.960121
837.27784,-1.5707963,-0.34906585,56699.29,40510.842,42233.457,28768.975,0,25.040121
837.27784,-1.5707963,-0.34906585,56722.491,40434.473,42239.281,28692.307,0,25.120121
837.27784,-1.5707963,-0.34906585,56753.881,40430.659,42245.837,28681.168,0,25.200121
837.27784,-1.5707963,-0.34906585,56788.341,40484.848,42273.387,28718.242,0,25.280121
837.27784,-1.5707963,-0.34906585,56796.073,40451.233,42318.228,28724.163,0,25.360121
837.27784,-1.5707963,-0.34906585,56807.729,40477.601,42255.521,28686.099,0,25.440121
837.27784,-1.5707963,-0.34906585,56758.334,40436.671,42263.869,28695.826,0,25.520121
837.27784,-1.5707963,-0.34906585,56757.536,40436.227,42272.134,28700.587,0,25.600121
837.27784,-1.5707963,-0.34906585,56783.504,40447.864,42287.375,28700.415,0,25.680121
837.27784,-1.5707963,-0.34906585,56803.335,40461.329,42301.931,28711.911,0,25.760121
837.27784,-1.5707963,-0.34906585,56793.685,40462.954,42288.68,28706.868,0,25.840121
837.27784,-1.5707963,-0.34906585,56778.427,40460.123,42264.565,28697.458,0,25.920121
837.27784,-1.5707963,-0.34906585,56789.951,40456.688,42253.185,28685.765,0,26.000121
837.27784,-1.5707963,-0.34906585,56789.129,40463.918,42269.707,28699.462,0,26.080121
837.27784,-1.5707963,-0.34906585,56798.719,40459.676,42285.756,28706.773,0,26.160121
837.27784,-1.5707963,-0.34906585,56791.821,40454.248,42294.696,28708.112,0,26.240121
837.27784,-1.5707963,-0.34906585,56782.974,40447.797,42286.284,28699.827,0,26.320121
837.27784,-1.5707963,-0.34906585,56769.383,40447.285,42270.582,28702.408,0,26.400121
837.27784,-1.5707963,-0.34906585,56776.115,40447.031,42264.347,28694.457,0,26.480121
837.27784,-1.5707963,-0.34906585,56785.486,40461.142,42277.369,28697.49,0,26.560121
837.27784,-1.5707963,-0.34906585,56805.664,40468.351,42283.948,28705.459,0,26.640121
837.27784,-1.5707963,-0.34906585,56796.927,40468.53,42278.541,28705.129,0,26.720121
837.27784,-1.5707963,-0.34906585,56788.397,40459.658,42271.025,28697.565,0,26.800121
837.27784,-1.5707963,-0.34906585,56770.373,40459.759,42262.156,28698.624,0,26.880121
837.27784,-1.5707963,-0.34906585,56775.108,40446.124,42270.195,28699.235,0,26.960121
837.27784,-1.5707963,-0.34906585,56774.992,40448.184,42281.658,28699.792,0,27.040121
837.27784,-1.5707963,-0.34906585,56790.295,40457.1,42288.582,28710.759,0,27.120121
837.27784,-1.5707963,-0.34906585,56796.524,40459.096,42288.083,28703.37,0,27.200121
837.27784,-1.5707963,-0.34906585,56792.51,40457.533,42270.972,28697.182,0,27.280121
837.27784,-1.5707963,-0.34906585,56771.317,40460.991,42261.953,28698.813,0,27.360121
837.27784,-1.5707963,-0.34906585,56771.839,40462.06,42262.403,28699.698,0,27.440121
837.27784,-1.5707963,-0.34906585,56786.423,40466.308,42272.326,28707.629,0,27.520121
837.27784,-1.5707963,-0.34906585,56801.075,40461.446,42280.245,28693.501,0,27.600121
837.27784,-1.5707963,-0.34906585,56789.874,40458.729,42273.467,28704.22,0,27.680121
837.27784,-1.5707963,-0.34906585,56779.162,40449.665,42271.563,28700.459,0,27.760121
837.27784,-1.5707963,-0.34906585,56789.094,40445.319,42273.174,28695.536,0,27.840121
837.27784,-1.5707963,-0.34906585,56791.572,40463.119,42277.564,28703.599,0,27.920121
837.27784,-1.5707963,-0.34906585,56787.402,40461.506,42277.018,28698.289,0,28.000121
837.27784,-1.5707963,-0.34906585,56778.967,40445.399,42279.165,28701.193,0,28.080121
837.27784,-1.5707963,-0.34906585,56774.259,40450.274,42277.38,28707.091,0,28.160121
837.27784,-1.5707963,-0.34906585,56791.575,40453.438,42277.999,28700.208,0,28.240121
837.27784,-1.5707963,-0.34906585,56791.412,40460.669,42279.206,28696.636,0,28.320121
837.27784,-1.5707963,-0.34906585,56789.553,40446.353,42277.968,28697.839,0,28.400121
837.27784,-1.5707963,-0.34906585,56790.16,40456.803,42278.153,28704.129,0,28.480121
837.27784,-1.5707963,-0.34906585,56790.955,40457.862,42279.095,28705.223,0,28.560121
837.27784,-1.5707963,-0.34906585,56778.016,40450.203,42279.511,28706.13,0,28.640121
837.27784,-1.5707963,-0.34906585,56791.954,40447.952,42284.512,28702.885,0,28.720121
837.27784,-1.5707963,-0.34906585,56777.418,40453.478,42279.892,28709.601,0,28.800121
837.27784,-1.5707963,-0.34906585,56794.016,40461.001,42275.614,28698.56,0,28.880121
837.27784,-1.5707963,-0.34906585,56775.765,40450.561,42277.58,28706.39,0,28.960121
837.27784,-1.5707963,-0.34906585,56791.225,40459.02,42276.479,28703.828,0,29.040121
837.27784,-1.5707963,-0.34906585,56781.755,40449.113,42272.265,28698.793,0,29.120121
837.27784,-1.5707963,-0.34906585,56778.032,40456.358,42269.646,28700.899,0,29.200121
837.27784,-1.5707963,-0.34906585,56789.58,40458.673,42272.132,28698.974,0,29.280121
837.27784,-1.5707963,-0.34906585,56784.415,40450.883,42277.395,28691.91,0,29.360121
837.27784,-1.5707963,-0.34906585,56779.39,40458.103,42280.508,28710.411,0,29.440121
837.27784,-1.5707963,-0.34906585,56790.054,40450.616,42279.574,28704.55,0,29.520121
837.27784,-1.5707963,-0.34906585,56789.961,40448.341,42278.318,28693.11,0,29.600121
837.27784,-1.5707963,-0.34906585,56782.13,40450.106,42277.493,28703.66,0,29.680121
837.27784,-1.5707963,-0.34906585,56791.207,40456.328,42279.918,28704.471,0,29.760121
837.27784,-1.5707963,-0.34906585,56791.158,40449.741,42279.515,28696.599,0,29.840121
837.27784,-1.5707963,-0.34906585,56781.966,40457.923,42277.359,28705.822,0,29.920121
837.27784,-1.5707963,-0.34906585,56780.893,40457.061,42272.997,28704.441,0,30.000121
837.94321,-1.5707963,-0.34906585,56775.379,40554.45,42294.728,28800.211,0,30.080121
839.92829,-1.5707963,-0.34906585,56765.94,40626.21,42320.245,28885.203,0,30.160121
843.22261,-1.5707963,-0.34906585,56713.554,40580.178,42261.979,28839.962,0,30.240121
847.81584,-1.5707963,-0.34906585,56673.69,40497.77,42221.317,28776.842,0,30.320121
853.69776,-1.5707963,-0.34906585,56703.254,40527.312,42254.157,28805.568,0,30.400121
860.85823,-1.5707963,-0.34906585,56757.978,40568.257,42322.046,28846.41,0,30.480121
869.28722,-1.5707963,-0.34906585,56783.735,40529.041,42320.531,28799.094,0,30.560121
878.97473,-1.5707963,-0.34906585,56774.807,40440.389,42304.488,28718.73,0,30.640121
889.91084,-1.5707963,-0.34906585,56808.584,40436.131,42333.833,28713.638,0,30.720121
902.08565,-1.5707963,-0.34906585,56870.56,40474.435,42394.993,28756.737,0,30.800121
915.48928,-1.5707963,-0.34906585,56881.976,40443.763,42409.25,28728.726,0,30.880121
930.11188,-1.5707963,-0.34906585,56857.74,40363.324,42384.228,28662.848,0,30.960121
945.94358,-1.5707963,-0.34906585,56876.3,40334.078,42398.161,28643.579,0,31.040121
962.97447,-1.5707963,-0.34906585,56932.876,40351.314,42473.468,28671.742,0,31.120121
981.19465,-1.5707963,-0.34906585,56980.93,40325.252,42507.514,28646.834,0,31.200121
1000.5942,-1.5707963,-0.34906585,56995.369,40238.438,42502.439,28565.088,0,31.280121
1021.163,-1.5707963,-0.34906585,57012.944,40189.095,42535.43,28534.916,0,31.360121
1042.8912,-1.5707963,-0.34906585,57090.049,40195.743,42600.122,28546.289,0,31.440121
1065.7686,-1.5707963,-0.34906585,57131.942,40154.758,42637.84,28516.415,0,31.520121
1089.785,-1.5707963,-0.34906585,57145.067,40074.893,42648.023,28445.291,0,31.600121
1114.9303,-1.5707963,-0.34906585,57154.129,40015.145,42664.246,28407.182,0,31.680121
1141.1943,-1.5707963,-0.34906585,57221.651,40009.173,42741.121,28413.924,0,31.760121
1168.5666,-1.5707963,-0.34906585,57288.991,39973.759,42794.948,28381.936,0,31.840121
1197.0369,-1.5707963,-0.34906585,57321.886,39872.612,42806.552,28291.44,0,31.920121
1226.5948,-1.5707963,-0.34906585,57364.766,39812.701,42849.67,28243.214,0,32.000121
1257.2298,-1.5707963,-0.34906585,57438.206,39792.307,42929.029,28242.344,0,32.080121
1288.9314,-1.5707963,-0.34906585,57500.945,39752.814,42981.61,28213.414,0,32.160121
1321.6892,-1.5707963,-0.34906585,57523.301,39656.672,42996.796,28133.011,0,32.240121
1355.4925,-1.5707963,-0.34906585,57555.244,39572.026,43040.509,28072.312,0,32.320121
1390.3308,-1.5707963,-0.34906585,57644.922,39544.119,43124.419,28055.489,0,32.400121
1426.1934,-1.5707963,-0.34906585,57725.943,39490.584,43191.84,28016.515,0,32.480121
1463.0696,-1.5707963,-0.34906585,57770.946,39393.842,43218.242,27927.075,0,32.560121
1500.9489,-1.5707963,-0.34906585,57823.987,39311.672,43269.248,27864.06,0,32.640121
1539.8204,-1.5707963,-0.34906585,57886.139,39265.109,43352.133,27845.501,0,32.720121
1579.6735,-1.5707963,-0.34906585,57966.388,39219.689,43421.59,27809.03,0,32.800121
1620.4973,-1.5707963,-0.34906585,58018.618,39119.522,43465.914,27730.486,0,32.880121
1662.2813,-1.5707963,-0.34906585,58080.961,39012.644,43518.059,27641.506,0,32.960121
1705.0145,-1.5707963,-0.34906585,58161.942,38944.859,43594.491,27595.898,0,33.040121
1748.6862,-1.5707963,-0.34906585,58250.978,38903.733,43682.596,27565.454,0,33.120121
1793.2856,-1.5707963,-0.34906585,58308.009,38810.459,43738.958,27494.687,0,33.200121
1838.802,-1.5707963,-0.34906585,58368.049,38703.022,43786.059,27411.262,0,33.280121
1885.2244,-1.5707963,-0.34906585,58451.188,38611.406,43860.047,27340.335,0,33.360121
1932.5422,-1.5707963,-0.34906585,58558.481,38549.845,43958.629,27295.327,0,33.440121
1980.7444,-1.5707963,-0.34906585,58634.137,38477.411,44037.179,27240.426,0,33.520121
2029.8203,-1.5707963,-0.34906585,58692.787,38358.771,44089.787,27155.082,0,33.600121
2079.7591,-1.5707963,-0.34906585,58767.904,38255.734,44160.713,27067.192,0,33.680121
2130.5498,-1.5707963,-0.34906585,58874.714,38175.808,44253.605,27011.186,0,33.760121
2182.1818,-1.5707963,-0.34906585,58959.256,38100.163,44345.679,26962.401,0,33.840121
2234.6441,-1.5707963,-0.34906585,59043.058,38003.832,44416.907,26880.72,0,33.920121
2287.926,-1.5707963,-0.34906585,59121.578,37880.787,44486.206,26787.313,0,34.000121
2342.0166,-1.5707963,-0.34906585,59197.381,37790.513,44562.368,26721.886,0,34.080121
2396.9051,-1.5707963,-0.34906585,59301.087,37693.315,44662.226,26660.989,0,34.160121
2452.5807,-1.5707963,-0.34906585,59413.661,37608.495,44757.183,26586.19,0,34.240121
2509.0325,-1.5707963,-0.34906585,59483.859,37489.258,44830.849,26496.4,0,34.320121
2566.2498,-1.5707963,-0.34906585,59575.508,37385.45,44912.201,26411.198,0,34.400121
2624.2217,-1.5707963,-0.34906585,59675.607,37274.78,45006.222,26336.942,0,34.480121
2682.9373,-1.5707963,-0.34906585,59774.069,37180.135,45103.375,26262.833,0,34.560121
2742.386,-1.5707963,-0.34906585,59879.584,37079.562,45202.946,26191.343,0,34.640121
2802.5568,-1.5707963,-0.34906585,59969.573,36947.665,45279.289,26086.366,0,34.720121
2863.4389,-1.5707963,-0.34906585,60069.547,36832.836,45362.239,25991.998,0,34.800121
2925.0216,-1.5707963,-0.34906585,60178.536,36731.852,45472.86,25924.174,0,34.880121
2987.294,-1.5707963,-0.34906585,60286.972,36636.452,45576.524,25851.923,0,34.960121
3050.2453,-1.5707963,-0.34906585,60386.51,36510.108,45665.358,25750.726,0,35.040121
3113.8647,-1.5707963,-0.34906585,60469.112,36373.784,45749.027,25648.312,0,35.120121
3178.1415,-1.5707963,-0.34906585,60584.07,36274.011,45850.505,25570.619,0,35.200121
3243.0647,-1.5707963,-0.34906585,60707.197,36168.657,45970.581,25503.131,0,35.280121
3308.6237,-1.5707963,-0.34906585,60821.334,36046.734,46064.505,25404.084,0,35.360121
3374.8075,-1.5707963,-0.34906585,60894.628,35904.349,46147.46,25293.802,0,35.440121
3441.6055,-1.5707963,-0.34906585,61001.774,35785.016,46249.388,25205.251,0,35.520121
3509.0067,-1.5707963,-0.34906585,61151.245,35685.029,46377.357,25125.115,0,35.600121
3577.0005,-1.5707963,-0.34906585,61252.282,35559.637,46479.217,25043.313,0,35.680121
3645.576,-1.5707963,-0.34906585,61351.669,35416.977,46576.852,24925.098,0,35.760121
3714.7224,-1.5707963,-0.34906585,61460.779,35288.174,46663.06,24823.964,0,35.840121
3784.429,-1.5707963,-0.34906585,61578.912,35173.57,46785.858,24741.488,0,35.920121
3854.6849,-1.5707963,-0.34906585,61711.655,35060.64,46910.662,24656.712,0,36.000121
3925.4794,-1.5707963,-0.34906585,61818.609,34918.786,47006.987,24551.455,0,36.080121
3996.8016,-1.5707963,-0.34906585,61913.474,34780.728,47100.879,24437.11,0,36.160121
4068.6409,-1.5707963,-0.34906585,62036.319,34656.59,47214.631,24345.236,0,36.240121
4140.9863,-1.5707963,-0.34906585,62177.373,34531.443,47346.075,24259.795,0,36.320121
4213.8272,-1.5707963,-0.34906585,62294.95,34406.238,47463.169,24164.67,0,36.400121
4287.1528,-1.5707963,-0.34906585,62402.553,34263.048,47552.458,24048.83,0,36.480121
4360.9522,-1.5707963,-0.34906585,62513.363,34107.655,47655.963,23927.168,0,36.560121
4435.2146,-1.5707963,-0.34906585,62634.363,33991.842,47785.226,23850.114,0,36.640121
4509.9295,-1.5707963,-0.34906585,62791.604,33875.711,47921.649,23761.71,0,36.720121
4585.0858,-1.5707963,-0.34906585,62901.025,33733.098,48027.781,23647.272,0,36.800121
4660.6729,-1.5707963,-0.34906585,62998.774,33563.03,48112.293,23515.875,0,36.880121
4736.68,-1.5707963,-0.34906585,63128.137,33433.221,48238.132,23419.707,0,36.960121
4813.0962,-1.5707963,-0.34906585,63273.043,33323.845,48379.645,23337.9,0,37.040121
4889.911,-1.5707963,-0.34906585,63405.925,33183.679,48499.172,23236.383,0,37.120121
4967.1133,-1.5707963,-0.34906585,63506.326,33024.468,48593.033,23110.941,0,37.200121
5044.6926,-1.5707963,-0.34906585,63632.773,32872.671,48708.238,22992.877,0,37.280121
5122.638,-1.5707963,-0.34906585,63762.019,32745.667,48837.295,22901.053,0,37.360121
5200.9388,-1.5707963,-0.34906585,63920.423,32619.297,48978.765,22804.928,0,37.440121
5279.5841,-1.5707963,-0.34906585,64034.391,32472.174,49088.426,22690.307,0,37.520121
5358.5632,-1.5707963,-0.34906585,64152.36,32307.098,49189.728,22560.636,0,37.600121
5437.8654,-1.5707963,-0.34906585,64274.476,32167.053,49313.079,22458.263,0,37.680121
5517.4799,-1.5707963,-0.34906585,64429.708,32037.811,49456.873,22364.989,0,37.760121
5597.3959,-1.5707963,-0.34906585,64559.961,31898.851,49584.318,22255.709,0,37.840121
5677.6026,-1.5707963,-0.34906585,64679.969,31739.355,49687.929,22129.033,0,37.920121
5758.0893,-1.5707963,-0.34906585,64803.274,31582.748,49805.898,22012.521,0,38.000121
5838.8452,-1.5707963,-0.34906585,64936.02,31443.802,49939.992,21911.907,0,38.080121
5919.8595,-1.5707963,-0.34906585,65077.243,31312.048,50075.548,21811.401,0,38.160121
6001.1215,-1.5707963,-0.34906585,65224.321,31171.057,50199.11,21699.504,0,38.240121
6082.6205,-1.5707963,-0.34906585,65342.335,31001.749,50307.304,21572.765,0,38.320121
6164.3456,-1.5707963,-0.34906585,65453.481,30849.273,50422.201,21451.226,0,38.400121
6246.2861,-1.5707963,-0.34906585,65607.695,30713.115,50571.265,21354.053,0,38.480121
6328.4312,-1.5707963,-0.34906585,65757.473,30580.132,50706.266,21254.745,0,38.560121
6410.7702,-1.5707963,-0.34906585,65891.196,30417.807,50830.891,21129.792,0,38.640121
6493.2922,-1.5707963,-0.34906585,66003.69,30258.502,50935.41,21004.413,0,38.720121
6575.9867,-1.5707963,-0.34906585,66136.597,30099.952,51067.694,20889.84,0,38.800121
6658.8427,-1.5707963,-0.34906585,66280.26,29968.473,51205.342,20791.217,0,38.880121
6741.8495,-1.5707963,-0.34906585,66428.059,29824.583,51340.495,20678.434,0,38.960121
6824.9964,-1.5707963,-0.34906585,66555.888,29667.168,51455.244,20558.183,0,39.040121
6908.2726,-1.5707963,-0.34906585,66688.883,29508.71,51576.613,20432.898,0,39.120121
6991.6673,-1.5707963,-0.34906585,66811.604,29351.627,51704.273,20316.546,0,39.200121
7075.1698,-1.5707963,-0.34906585,66963.826,29215.764,51844.793,20214.947,0,39.280121
7158.7693,-1.5707963,-0.34906585,67111.773,29070.723,51981.625,20105.842,0,39.360121
7242.4551,-1.5707963,-0.34906585,67237.975,28909.361,52098.421,19982.628,0,39.440121
7326.2164,-1.5707963,-0.34906585,67373.033,28753.007,52217.609,19860.213,0,39.520121
7410.0424,-1.5707963,-0.34906585,67502.432,28600.51,52347.609,19745.334,0,39.600121
7493.9224,-1.5707963,-0.34906585,67650.366,28455.556,52494.202,19640.416,0,39.680121
7577.8456,-1.5707963,-0.34906585,67796.26,28311.648,52622.81,19526.417,0,39.760121
7661.8013,-1.5707963,-0.34906585,67929.818,28154.564,52743.247,19403.221,0,39.840121
7745.7787,-1.5707963,-0.34906585,68060.837,27989.421,52867.82,19279.017,0,39.920121
7829.7671,-1.5707963,-0.34906585,68195.188,27844.903,52995.844,19173.797,0,40.000121
7913.7556,-1.5707963,-0.34906585,68343.493,27691.127,53138.486,19060.649,0,40.080121
7997.7336,-1.5707963,-0.34906585,68466.719,27545.748,53253.739,18940.539,0,40.160121
8081.6903,-1.5707963,-0.34906585,68600.356,27389.047,53378.646,18823.85,0,40.240121
8165.6149,-1.5707963,-0.34906585,68741.239,27237.739,53516.673,18712.011,0,40.320121
8249.4966,-1.5707963,-0.34906585,68885.757,27091.269,53652.728,18594.14,0,40.400121
8333.3248,-1.5707963,-0.34906585,69025.507,26940.683,53779.103,18478.357,0,40.480121
8417.0886,-1.5707963,-0.34906585,69156.045,26783.881,53902.151,18360.223,0,40.560121
8500.7773,-1.5707963,-0.34906585,69293.023,26629.352,54027.67,18245.516,0,40.640121
8584.3801,-1.5707963,-0.34906585,69420.715,26479.106,54155.72,18130.2,0,40.720121
8667.8863,-1.5707963,-0.34906585,69566.96,26329.927,54292.365,18018.23,0,40.800121
8751.2852,-1.5707963,-0.34906585,69704.296,26187.546,54422.459,17907.35,0,40.880121
8834.5659,-1.5707963,-0.34906585,69840.602,26034.427,54544.998,17787.238,0,40.960121
8917.7177,-1.5707963,-0.34906585,69962.765,25878.078,54665.321,17670.407,0,41.040121
9000.7299,-1.5707963,-0.34906585,70104.031,25730.28,54798.099,17556.379,0,41.120121
9083.5917,-1.5707963,-0.34906585,70241.754,25578.321,54929.1,17441.407,0,41.200121
9166.2924,-1.5707963,-0.34906585,70387.467,25432.864,55066.548,17334.748,0,41.280121
9248.8211,-1.5707963,-0.34906585,70524.74,25285.103,55190.333,17219.318,0,41.360121
9331.1672,-1.5707963,-0.34906585,70641.492,25128.552,55303.553,17102.561,0,41.440121
9413.3198,-1.5707963,-0.34906585,70771.735,24974.013,55419.424,16982.35,0,41.520121
9495.2683,-1.5707963,-0.34906585,70922.868,24836.192,55562.688,16877.41,0,41.600121
9577.0019,-1.5707963,-0.34906585,71068.012,24698.421,55700.115,16773.943,0,41.680121
9658.5097,-1.5707963,-0.34906585,71193.063,24547.753,55818.192,16657.253,0,41.760121
9739.7812,-1.5707963,-0.34906585,71311.526,24389.725,55929.789,16535.93,0,41.840121
9820.8054,-1.5707963,-0.34906585,71439.143,24235.161,56050.457,16421.265,0,41.920121
9901.5717,-1.5707963,-0.34906585,71578.485,24102.976,56186.182,16314.243,0,42.000121
9982.0693,-1.5707963,-0.34906585,71723.982,23958.191,56317.927,16213.129,0,42.080121
10062.287,-1.5707963,-0.34906585,71856.432,23814.849,56441.517,16101.994,0,42.160121
10142.215,-1.5707963,-0.34906585,71976.105,23664.968,56558.059,15982.87,0,42.240121
10221.842,-1.5707963,-0.34906585,72090.603,23514.416,56661.145,15864.99,0,42.320121
10301.158,-1.5707963,-0.34906585,72220.38,23371.787,56799.012,15764.808,0,42.400121
10380.15,-1.5707963,-0.34906585,72376.205,23237.023,56933.845,15662.17,0,42.480121
10458.81,-1.5707963,-0.34906585,72502.233,23097.422,57055.05,15557.408,0,42.560121
10537.125,-1.5707963,-0.34906585,72626.652,22955.56,57165.557,15445.849,0,42.640121
10615.086,-1.5707963,-0.34906585,72731.478,22803.023,57269.474,15328.124,0,42.720121
10692.682,-1.5707963,-0.34906585,72861.265,22662.36,57388.38,15219.617,0,42.800121
10769.901,-1.5707963,-0.34906585,72993.689,22535.128,57519.003,15122.036,0,42.880121
10846.733,-1.5707963,-0.34906585,73133.438,22399.164,57652.397,15023.391,0,42.960121
10923.167,-1.5707963,-0.34906585,73260.738,22260.809,57766.452,14916.954,0,43.040121
10999.193,-1.5707963,-0.34906585,73372.827,22114.326,57871.927,14803.247,0,43.120121
11074.8,-1.5707963,-0.34906585,73482.93,21974.005,57986.741,14697.041,0,43.200121
11149.976,-1.5707963,-0.34906585,73607.222,21839.695,58096.914,14594.894,0,43.280121
11224.712,-1.5707963,-0.34906585,73748.101,21710.757,58221.538,14493.822,0,43.360121
11298.996,-1.5707963,-0.34906585,73878.137,21581.374,58348.732,14401.603,0,43.440121
11372.818,-1.5707963,-0.34906585,73992.812,21444.419,58455.727,14296.888,0,43.520121
11446.167,-1.5707963,-0.34906585,74103.569,21309.219,58551.159,14186.475,0,43.600121
11519.033,-1.5707963,-0.34906585,74217.9,21164.884,58657.28,14084.627,0,43.680121
11591.403,-1.5707963,-0.34906585,74334.327,21041.284,58776.454,13988.309,0,43.760121
11663.269,-1.5707963,-0.34906585,74455.955,20915.883,58895.325,13891.207,0,43.840121
11734.618,-1.5707963,-0.34906585,74589.988,20789.749,59010.719,13798.563,0,43.920121
11805.44,-1.5707963,-0.34906585,74703.393,20655.869,59120.351,13696.667,0,44.000121
11875.726,-1.5707963,-0.34906585,74802.667,20521.526,59222.83,13592.512,0,44.080121
11945.462,-1.5707963,-0.34906585,74910.951,20389.164,59323.219,13494.055,0,44.160121
12014.64,-1.5707963,-0.34906585,75041.21,20264.775,59433.636,13399.067,0,44.240121
12083.248,-1.5707963,-0.34906585,75155.057,20153.009,59549.082,13314.643,0,44.320121
12151.275,-1.5707963,-0.34906585,75269.546,20036.18,59655.324,13218.497,0,44.400121
12218.711,-1.5707963,-0.34906585,75381.081,19914.782,59750.887,13126.702,0,44.480121
12285.545,-1.5707963,-0.34906585,75475.913,19787.606,59835.986,13030.855,0,44.560121
12351.766,-1.5707963,-0.34906585,75577.998,19661.024,59939.255,12936.621,0,44.640121
12417.364,-1.5707963,-0.34906585,75693.334,19544.211,60046.377,12850.976,0,44.720121
12482.327,-1.5707963,-0.34906585,75811.453,19427.808,60164.338,12762.248,0,44.800121
12546.645,-1.5707963,-0.34906585,75918.832,19310.457,60266.848,12675.789,0,44.880121
12610.307,-1.5707963,-0.34906585,76019.222,19189.157,60349.677,12581.366,0,44.960121
12673.303,-1.5707963,-0.34906585,76104.198,19075.237,60440.084,12495.416,0,45.040121
12735.621,-1.5707963,-0.34906585,76212.916,18965.561,60535.437,12409.849,0,45.120121
12797.252,-1.5707963,-0.34906585,76315.577,18855.417,60636.058,12328.773,0,45.200121
12858.183,-1.5707963,-0.34906585,76431.198,18755.107,60742.627,12253.051,0,45.280121
12918.405,-1.5707963,-0.34906585,76525.191,18639.418,60833.013,12162.153,0,45.360121
12977.907,-1.5707963,-0.34906585,76620.206,18523.321,60904.696,12072.069,0,45.440121
13036.677,-1.5707963,-0.34906585,76697.138,18408.652,60981.883,11987.05,0,45.520121
13094.706,-1.5707963,-0.34906585,76797.812,18307.499,61077.427,11910.235,0,45.600121
13151.982,-1.5707963,-0.34906585,76905.115,18216.262,61179.363,11842.983,0,45.680121
13208.494,-1.5707963,-0.34906585,77001.559,18119.985,61273.8,11769.891,0,45.760121
13264.233,-1.5707963,-0.34906585,77098.577,18018.003,61364.596,11691.794,0,45.840121
13319.186,-1.5707963,-0.34906585,77174.17,17907,61437.999,11605.821,0,45.920121
13373.344,-1.5707963,-0.34906585,77243.947,17797.887,61503.597,11525.779,0,46.000121
13426.696,-1.5707963,-0.34906585,77338.622,17704.261,61583.87,11452.025,0,46.080121
13479.231,-1.5707963,-0.34906585,77432.032,17615.069,61674.026,11385.226,0,46.160121
13530.937,-1.5707963,-0.34906585,77530.97,17527.491,61767.374,11323.095,0,46.240121
13581.805,-1.5707963,-0.34906585,77621.301,17431.752,61851.42,11247.027,0,46.320121
13631.824,-1.5707963,-0.34906585,77706.542,17336.537,61921.824,11175.557,0,46.400121
13680.983,-1.5707963,-0.34906585,77761.763,17241.872,61979.901,11103.765,0,46.480121
13729.27,-1.5707963,-0.34906585,77829.596,17157.808,62047.991,11038.629,0,46.560121
13776.676,-1.5707963,-0.34906585,77919.615,17074.825,62124.849,10975.058,0,46.640121
13823.19,-1.5707963,-0.34906585,78011.535,16987.362,62210.898,10912.575,0,46.720121
13868.8,-1.5707963,-0.34906585,78098.684,16905.645,62296.216,10853.419,0,46.800121
13913.497,-1.5707963,-0.34906585,78169.666,16825.426,62357.281,10788.581,0,46.880121
13957.269,-1.5707963,-0.34906585,78214.81,16738.81,62403.282,10725.878,0,46.960121
14000.105,-1.5707963,-0.34906585,78268.254,16666.379,62451.289,10664.196,0,47.040121
14041.996,-1.5707963,-0.34906585,78351.878,16590.254,62525.392,10608.677,0,47.120121
14082.929,-1.5707963,-0.34906585,78448.712,16515.791,62621.076,10554.708,0,47.200121
14122.895,-1.5707963,-0.34906585,78519.526,16437.812,62687.268,10500.45,0,47.280121
14161.883,-1.5707963,-0.34906585,78561.997,16372.203,62727.626,10447.71,0,47.360121
14199.881,-1.5707963,-0.34906585,78610.728,16299.947,62766.706,10392.176,0,47.440121
14236.879,-1.5707963,-0.34906585,78672.756,16228.723,62830.499,10336.276,0,47.520121
14272.867,-1.5707963,-0.34906585,78742.348,16150.468,62891.802,10281.605,0,47.600121
14307.833,-1.5707963,-0.34906585,78807.955,16096.659,62954.938,10239.188,0,47.680121
14341.768,-1.5707963,-0.34906585,78862.593,16048.155,62994.61,10200.474,0,47.760121
14374.659,-1.5707963,-0.34906585,78913.311,15985.039,63045.407,10156.192,0,47.840121
14406.496,-1.5707963,-0.34906585,78971.372,15918.407,63101.347,10103.52,0,47.920121
14437.27,-1.5707963,-0.34906585,79014.007,15851.215,63141.908,10053.588,0,48.000121
14466.968,-1.5707963,-0.34906585,79063.028,15803.094,63180.206,10015.366,0,48.080121
14495.58,-1.5707963,-0.34906585,79103.11,15760.329,63223.236,9983.8623,0,48.160121
14523.095,-1.5707963,-0.34906585,79182.688,15718.801,63294.474,9953.2183,0,48.240121
14549.503,-1.5707963,-0.34906585,79235.587,15664.94,63350.302,9914.9185,0,48.320121
14574.793,-1.5707963,-0.34906585,79256.329,15612.43,63373.831,9874.8295,0,48.400121
14598.953,-1.5707963,-0.34906585,79272.64,15560.569,63374.817,9832.8056,0,48.480121
14621.974,-1.5707963,-0.34906585,79295.753,15518.276,63399.355,9800.2846,0,48.560121
14643.845,-1.5707963,-0.34906585,79345.137,15473.402,63449.195,9766.5591,0,48.640121
14664.555,-1.5707963,-0.34906585,79396.984,15437.807,63500.819,9742.4973,0,48.720121
14684.092,-1.5707963,-0.34906585,79440.457,15417.933,63545.327,9726.9978,0,48.800121
14702.447,-1.5707963,-0.34906585,79473.837,15387.964,63561.848,9701.1344,0,48.880121
14719.608,-1.5707963,-0.34906585,79481.585,15344.316,63573.451,9669.0732,0,48.960121
14735.566,-1.5707963,-0.34906585,79504.115,15301.339,63589.938,9636.7562,0,49.040121
14750.308,-1.5707963,-0.34906585,79517.22,15271.72,63597.98,9616.1024,0,49.120121
14763.824,-1.5707963,-0.34906585,79544.99,15256.854,63621.397,9604.1582,0,49.200121
14776.105,-1.5707963,-0.34906585,79584.2,15241.209,63679.161,9592.3289,0,49.280121
14787.137,-1.5707963,-0.34906585,79617.867,15220.485,63707.125,9575.5384,0,49.360121
14796.912,-1.5707963,-0.34906585,79624.448,15203.914,63717.19,9564.3125,0,49.440121
14805.419,-1.5707963,-0.34906585,79640.213,15190.828,63710.011,9545.9521,0,49.520121
14812.645,-1.5707963,-0.34906585,79636.643,15169.152,63710.022,9534.0887,0,49.600121
14818.582,-1.5707963,-0.34906585,79639.966,15141.562,63713.25,9516.4499,0,49.680121
14823.217,-1.5707963,-0.34906585,79650.923,15130.382,63727.741,9507.1276,0,49.760121
14826.541,-1.5707963,-0.34906585,79658.334,15136.18,63733.122,9509.9934,0,49.840121
14828.543,-1.5707963,-0.34906585,79670.654,15138.427,63746.871,9512.877,0,49.920121
14829.211,-1.5707963,-0.34906585,79680.142,15134.064,63757.39,9511.5434,0,50.000121
14829.211,-1.5707963,-0.34906585,79581.555,15227.489,63721.575,9601.4785,0,50.080121
14829.211,-1.5707963,-0.34906585,79555.536,15336.232,63682.344,9682.4157,0,50.160121
14829.211,-1.5707963,-0.34906585,79624.625,15312.056,63760.23,9665.2286,0,50.240121
14829.211,-1.5707963,-0.34906585,79659.234,15235.256,63814.08,9620.7541,0,50.320121
14829.211,-1.5707963,-0.34906585,79623.52,15219.756,63768.001,9599.186,0,50.400121
14829.211,-1.5707963,-0.34906585,79554.985,15243.202,63697.377,9612.1508,0,50.480121
14829.211,-1.5707963,-0.34906585,79544.777,15263.135,63688.55,9627.7194,0,50.560121
14829.211,-1.5707963,-0.34906585,79587.437,15263.319,63724.297,9633.4459,0,50.640121
14829.211,-1.5707963,-0.34906585,79607.792,15256.073,63769.242,9638.3986,0,50.720121
14829.211,-1.5707963,-0.34906585,79624.762,15253.165,63784.053,9632.3003,0,50.800121
14829.211,-1.5707963,-0.34906585,79608.74,15248.287,63752.123,9621.5677,0,50.880121
14829.211,-1.5707963,-0.34906585,79592.395,15255.287,63722.78,9617.4091,0,50.960121
14829.211,-1.5707963,-0.34906585,79585.635,15261.948,63715.36,9624.5141,0,51.040121
14829.211,-1.5707963,-0.34906585,79592.555,15263.795,63734.387,9632.2506,0,51.120121
14829.211,-1.5707963,-0.34906585,79608.971,15265.165,63754.657,9633.1201,0,51.200121
14829.211,-1.5707963,-0.34906585,79590.321,15243.171,63741.385,9618.4446,0,51.280121
14829.211,-1.5707963,-0.34906585,79587.27,15244.012,63735.521,9616.615,0,51.360121
14829.211,-1.5707963,-0.34906585,79607.136,15263.74,63743.438,9625.7498,0,51.440121
14829.211,-1.5707963,-0.34906585,79607.289,15265.252,63750.947,9638.5555,0,51.520121
14829.211,-1.5707963,-0.34906585,79587.557,15260.641,63735.016,9630.5431,0,51.600121
14829.211,-1.5707963,-0.34906585,79584.492,15253.705,63726.082,9621.4147,0,51.680121
14829.211,-1.5707963,-0.34906585,79589.311,15247.749,63741.973,9626.344,0,51.760121
14829.211,-1.5707963,-0.34906585,79610.491,15254.719,63757.468,9629.2669,0,51.840121
14829.211,-1.5707963,-0.34906585,79593.832,15253.683,63746.15,9628.5476,0,51.920121
14829.211,-1.5707963,-0.34906585,79598.555,15257.333,63730.677,9621.2078,0,52.000121
14829.211,-1.5707963,-0.34906585,79602.587,15259.595,63722.255,9627.1299,0,52.080121
14829.211,-1.5707963,-0.34906585,79604.475,15262.732,63746.976,9634.7616,0,52.160121
14829.211,-1.5707963,-0.34906585,79607.097,15261.267,63750.078,9628.9521,0,52.240121
14829.211,-1.5707963,-0.34906585,79606.857,15252.32,63740.294,9618.1922,0,52.320121
14829.211,-1.5707963,-0.34906585,79592.224,15245.028,63731.228,9616.506,0,52.400121
14829.211,-1.5707963,-0.34906585,79601.974,15257.062,63742.543,9625.6942,0,52.480121
14829.211,-1.5707963,-0.34906585,79606.608,15260.714,63748.563,9631.7928,0,52.560121
14829.211,-1.5707963,-0.34906585,79601.211,15259.619,63744.319,9628.632,0,52.640121
14829.211,-1.5707963,-0.34906585,79587.766,15254.571,63732.023,9622.0288,0,52.720121
14829.211,-1.5707963,-0.34906585,79587.666,15252.615,63733.225,9623.5058,0,52.800121
14829.211,-1.5707963,-0.34906585,79607.74,15257.95,63752.445,9630.7809,0,52.880121
14829.211,-1.5707963,-0.34906585,79606.176,15254.83,63745.56,9626.2324,0,52.960121
14829.211,-1.5707963,-0.34906585,79601.401,15253.925,63739.067,9622.1207,0,53.040121
14829.211,-1.5707963,-0.34906585,79591.087,15253.711,63732.154,9621.5702,0,53.120121
14829.211,-1.5707963,-0.34906585,79600.146,15258.069,63734.397,9623.9516,0,53.200121
14829.211,-1.5707963,-0.34906585,79604.267,15257.594,63743.229,9628.0884,0,53.280121
14829.211,-1.5707963,-0.34906585,79608.169,15262.283,63746.631,9629.2391,0,53.360121
14829.211,-1.5707963,-0.34906585,79602.922,15254.695,63741.679,9625.7029,0,53.440121
14829.211,-1.5707963,-0.34906585,79585.475,15245.309,63732.295,9623.2218,0,53.520121
14829.211,-1.5707963,-0.34906585,79589.887,15253.941,63741.073,9626.8751,0,53.600121
14829.211,-1.5707963,-0.34906585,79591.102,15258.74,63752.549,9633.4163,0,53.680121
14829.211,-1.5707963,-0.34906585,79590.745,15257.927,63747.608,9630.941,0,53.760121
14829.211,-1.5707963,-0.34906585,79586.701,15254.272,63736.549,9626.416,0,53.840121
14829.211,-1.5707963,-0.34906585,79583.683,15254.313,63736.336,9626.1465,0,53.920121
14829.211,-1.5707963,-0.34906585,79593.352,15247.055,63744.146,9622.7101,0,54.000121
14829.211,-1.5707963,-0.34906585,79588.867,15252.055,63749.975,9627.9732,0,54.080121
14829.211,-1.5707963,-0.34906585,79599.705,15258.561,63753.906,9633.3426,0,54.160121
14829.211,-1.5707963,-0.34906585,79591.267,15255.57,63734.438,9625.0444,0,54.240121
14829.211,-1.5707963,-0.34906585,79585.099,15254.256,63724.896,9621.1614,0,54.320121
14829.211,-1.5707963,-0.34906585,79579.558,15254.587,63740.326,9629.3451,0,54.400121
14829.211,-1.5707963,-0.34906585,79589.365,15253.128,63746.639,9628.5951,0,54.480121
14829.211,-1.5707963,-0.34906585,79602.538,15254.561,63758.839,9631.1903,0,54.560121
14829.211,-1.5707963,-0.34906585,79588.336,15247.156,63745.058,9624.8824,0,54.640121
14829.211,-1.5707963,-0.34906585,79584.865,15253.713,63724.702,9620.763,0,54.720121
14829.211,-1.5707963,-0.34906585,79603.748,15264.698,63732.233,9629.5448,0,54.800121
14829.211,-1.5707963,-0.34906585,79601.476,15264.067,63740.686,9630.6415,0,54.880121
14829.211,-1.5707963,-0.34906585,79608.2,15262.63,63749.987,9628.325,0,54.960121
14829.211,-1.5707963,-0.34906585,79609.132,15251.925,63747.05,9622.2095,0,55.040121
14829.211,-1.5707963,-0.34906585,79592.583,15243.735,63731.975,9614.405,0,55.120121
14829.211,-1.5707963,-0.34906585,79590.293,15246.607,63734.004,9621.9915,0,55.200121
14829.211,-1.5707963,-0.34906585,79594.249,15259.983,63750.189,9633.6204,0,55.280121
14829.211,-1.5707963,-0.34906585,79590.228,15255.048,63746.923,9631.0991,0,55.360121
14829.211,-1.5707963,-0.34906585,79586.03,15253.723,63729.671,9622.2652,0,55.440121
14829.211,-1.5707963,-0.34906585,79585.747,15247.511,63723.086,9617.5249,0,55.520121
14829.211,-1.5707963,-0.34906585,79594.559,15244.713,63733.646,9617.6293,0,55.600121
14829.211,-1.5707963,-0.34906585,79604.761,15254.861,63753.633,9631.1306,0,55.680121
14829.211,-1.5707963,-0.34906585,79589.013,15257.695,63750.875,9631.3912,0,55.760121
14829.211,-1.5707963,-0.34906585,79586.772,15255.712,63735.706,9624.688,0,55.840121
14829.211,-1.5707963,-0.34906585,79584.179,15254.548,63728.207,9621.7417,0,55.920121
14829.211,-1.5707963,-0.34906585,79581.448,15255.451,63745.337,9630.0628,0,56.000121
14829.211,-1.5707963,-0.34906585,79587.382,15255.017,63751.959,9630.2919,0,56.080121
14829.211,-1.5707963,-0.34906585,79597.629,15251.726,63749.454,9625.7305,0,56.160121
14829.211,-1.5707963,-0.34906585,79592.974,15246.333,63743.982,9622.2157,0,56.240121
14829.211,-1.5707963,-0.34906585,79578.354,15249.141,63733.613,9625.3995,0,56.320121
14829.211,-1.5707963,-0.34906585,79586.92,15258.396,63735.417,9631.6689,0,56.400121
14829.211,-1.5707963,-0.34906585,79587.18,15261.494,63752.806,9638.292,0,56.480121
14829.211,-1.5707963,-0.34906585,79594.836,15257.113,63744.6,9630.2589,0,56.560121
14829.211,-1.5707963,-0.34906585,79590.738,15246.153,63736.422,9621.1741,0,56.640121
14829.211,-1.5707963,-0.34906585,79598.298,15245.926,63740.177,9619.8537,0,56.720121
14829.211,-1.5707963,-0.34906585,79586.98,15252.356,63750.202,9631.3989,0,56.800121
14829.211,-1.5707963,-0.34906585,79601.625,15261.987,63757.142,9635.3414,0,56.880121
14829.211,-1.5707963,-0.34906585,79602.513,15260.098,63745.906,9629.1771,0,56.960121
14829.211,-1.5707963,-0.34906585,79589.013,15256.96,63726.088,9621.1738,0,57.040121
14829.211,-1.5707963,-0.34906585,79586.012,15246.312,63725.875,9618.8232,0,57.120121
14829.211,-1.5707963,-0.34906585,79610.088,15254.225,63756.098,9627.2195,0,57.200121
14829.211,-1.5707963,-0.34906585,79605.416,15257.976,63754.39,9631.1002,0,57.280121
14829.211,-1.5707963,-0.34906585,79608.157,15263.769,63733.314,9623.9797,0,57.360121
14829.211,-1.5707963,-0.34906585,79593.486,15256.838,63716.633,9619.6193,0,57.440121
14829.211,-1.5707963,-0.34906585,79586.185,15254.59,63723.63,9618.0733,0,57.520121
14829.211,-1.5707963,-0.34906585,79605.03,15256.385,63745.456,9629.0323,0,57.600121
14829.211,-1.5707963,-0.34906585,79609.441,15259.564,63756.184,9632.938,0,57.680121
14829.211,-1.5707963,-0.34906585,79616.344,15253.289,63749.257,9624.1772,0,57.760121
14829.211,-1.5707963,-0.34906585,79588.763,15251.745,63733.316,9618.7606,0,57.840121
14829.211,-1.5707963,-0.34906585,79599.96,15257.64,63732.199,9621.5608,0,57.920121
14829.211,-1.5707963,-0.34906585,79593.292,15257.11,63744.016,9629.2985,0,58.000121
14829.211,-1.5707963,-0.34906585,79603.185,15259.239,63750.484,9631.3144,0,58.080121
14829.211,-1.5707963,-0.34906585,79607.576,15262.94,63744.381,9626.6215,0,58.160121
14829.211,-1.5707963,-0.34906585,79605.277,15252.562,63733.385,9617.4915,0,58.240121
14829.211,-1.5707963,-0.34906585,79593.474,15247.9,63733.891,9616.8443,0,58.320121
14829.211,-1.5707963,-0.34906585,79604.119,15256.782,63744.733,9626.8755,0,58.400121
14829.211,-1.5707963,-0.34906585,79614.661,15265.02,63754.71,9632.2771,0,58.480121
14829.211,-1.5707963,-0.34906585,79603.585,15263.442,63746.144,9629.0184,0,58.560121
14829.211,-1.5707963,-0.34906585,79590.047,15257.39,63730.876,9621.7584,0,58.640121
14829.211,-1.5707963,-0.34906585,79588.491,15251.878,63726.395,9618.7809,0,58.720121
14829.211,-1.5707963,-0.34906585,79607,15253.426,63754.085,9628.1542,0,58.800121
14829.211,-1.5707963,-0.34906585,79590.703,15255.008,63753.806,9633.6426,0,58.880121
14829.211,-1.5707963,-0.34906585,79594.746,15257.048,63741.45,9627.7479,0,58.960121
14829.211,-1.5707963,-0.34906585,79587.99,15255.521,63723.854,9622.0337,0,59.040121
14829.211,-1.5707963,-0.34906585,79598.984,15257.289,63735.799,9625.5188,0,59.120121
14829.211,-1.5707963,-0.34906585,79607.262,15259.156,63755.045,9632.9155,0,59.200121
14829.211,-1.5707963,-0.34906585,79614.726,15253.362,63752.422,9624.7866,0,59.280121
14829.211,-1.5707963,-0.34906585,79588.809,15252.037,63730.411,9619.0983,0,59.360121
14829.211,-1.5707963,-0.34906585,79592.424,15256.532,63722.924,9618.4157,0,59.440121
14829.211,-1.5707963,-0.34906585,79597.33,15262.472,63734.796,9629.7798,0,59.520121
14829.211,-1.5707963,-0.34906585,79604.294,15262.752,63751.17,9636.4829,0,59.600121
14829.211,-1.5707963,-0.34906585,79606.191,15256.684,63745.411,9628.8554,0,59.680121
14829.211,-1.5707963,-0.34906585,79592.369,15246.062,63730.558,9614.4884,0,59.760121
14829.211,-1.5707963,-0.34906585,79597.269,15246.293,63739.489,9620.2174,0,59.840121
14829.211,-1.5707963,-0.34906585,79604.861,15259.682,63752.83,9633.2728,0,59.920121
14829.211,-1.5707963,-0.34906585,79602.061,15263.927,63746.056,9631.162,-1.10E-06,60.000121
14829.211,-1.5707963,-0.34906585,79594.514,15258.538,63724.914,9621.3022,-0.48016728,60.080121
14829.211,-1.5707963,-0.34906585,79590.457,15244.742,63733.977,9616.69,-1.9126419,60.160121
14829.211,-1.5707963,-0.34906585,79598.981,15236.762,63752.923,9621.2204,-4.2897448,60.240121
14829.211,-1.5707963,-0.34906585,79623.778,15236.255,63787.76,9624.6542,-7.6037961,60.320121
14829.211,-1.5707963,-0.34906585,79638.712,15231.423,63790.049,9617.9086,-11.847116,60.400121
14829.211,-1.5707963,-0.34906585,79640.775,15221.407,63784.247,9603.3886,-17.012024,60.480121
14829.211,-1.5707963,-0.34906585,79645.259,15200.237,63774.878,9585.477,-23.09084,60.560121
14829.211,-1.5707963,-0.34906585,79656.094,15183.077,63796.539,9573.0771,-30.075885,60.640121
14829.211,-1.5707963,-0.34906585,79682.387,15168.366,63841.479,9568.786,-37.959479,60.720121
14829.211,-1.5707963,-0.34906585,79708.195,15148.07,63888.55,9563.7117,-46.73394,60.800121
14829.211,-1.5707963,-0.34906585,79722.955,15120.489,63896.261,9541.4321,-56.39159,60.880121
14829.211,-1.5707963,-0.34906585,79725.398,15093.408,63909.452,9522.123,-66.924749,60.960121
14829.211,-1.5707963,-0.34906585,79761.801,15070.925,63937.179,9506.6809,-78.325735,61.040121
14829.211,-1.5707963,-0.34906585,79787.271,15048.227,63989.36,9497.9561,-90.586871,61.120121
14829.211,-1.5707963,-0.34906585,79814.648,15020.382,64024.17,9479.168,-103.70047,61.200121
14829.211,-1.5707963,-0.34906585,79847.659,14980.022,64056.433,9455.1394,-117.65887,61.280121
14829.211,-1.5707963,-0.34906585,79872.013,14938.539,64093.471,9423.8427,-132.45437,61.360121
14829.211,-1.5707963,-0.34906585,79910.969,14903.339,64130.242,9399.86,-148.0793,61.440121
14829.211,-1.5707963,-0.34906585,79947.733,14864.949,64167.752,9375.6601,-164.52597,61.520121
14829.211,-1.5707963,-0.34906585,79997.717,14837.863,64225.303,9356.0426,-181.78672,61.600121
14829.211,-1.5707963,-0.34906585,80046.065,14801.056,64268.533,9332.5919,-199.85385,61.680121
14829.211,-1.5707963,-0.34906585,80082.417,14754.67,64319.966,9298.9127,-218.71969,61.760121
14829.211,-1.5707963,-0.34906585,80116.743,14705.836,64370.609,9267.4372,-238.37656,61.840121
14829.211,-1.5707963,-0.34906585,80153.252,14648.81,64420.111,9232.0772,-258.81678,61.920121
14829.211,-1.5707963,-0.34906585,80191.336,14596.986,64480.021,9202.9012,-280.03267,62.000121
14829.211,-1.5707963,-0.34906585,80249.97,14557.838,64543.26,9177.9968,-302.01655,62.080121
14829.211,-1.5707963,-0.34906585,80311.032,14515.195,64600.47,9146.1105,-324.76073,62.160121
14829.211,-1.5707963,-0.34906585,80362.961,14455.228,64656.273,9105.6488,-348.25754,62.240121
14829.211,-1.5707963,-0.34906585,80421.175,14395.343,64718.889,9063.2726,-372.4993,62.320121
14829.211,-1.5707963,-0.34906585,80458.632,14328.29,64785.137,9018.6744,-397.47833,62.400121
14829.211,-1.5707963,-0.34906585,80522.511,14271.104,64858.379,8987.7045,-423.18695,62.480121
14829.211,-1.5707963,-0.34906585,80576.049,14218.199,64945.223,8958.8648,-449.61748,62.560121
14829.211,-1.5707963,-0.34906585,80637.332,14160.819,65012.117,8921.3752,-476.76223,62.640121
14829.211,-1.5707963,-0.34906585,80687.562,14090.631,65070.566,8871.992,-504.61353,62.720121
14829.211,-1.5707963,-0.34906585,80753.599,14019.701,65135.363,8815.6133,-533.16371,62.800121
14829.211,-1.5707963,-0.34906585,80814.511,13945.327,65215.857,8773.5795,-562.40507,62.880121
14829.211,-1.5707963,-0.34906585,80888.922,13886.787,65318.818,8736.8822,-592.32993,62.960121
14829.211,-1.5707963,-0.34906585,80956.51,13818.01,65406.943,8694.9556,-622.93063,63.040121
14829.211,-1.5707963,-0.34906585,81006.961,13740.883,65472.289,8643.7769,-654.19947,63.120121
14829.211,-1.5707963,-0.34906585,81066.966,13662.557,65547.76,8590.968,-686.12879,63.200121
14829.211,-1.5707963,-0.34906585,81148.175,13588.853,65639.353,8544.3457,-718.71089,63.280121
14829.211,-1.5707963,-0.34906585,81220.037,13518.666,65733.67,8498.5252,-751.9381,63.360121
14829.211,-1.5707963,-0.34906585,81295.626,13439.943,65834.405,8448.3181,-785.80274,63.440121
14829.211,-1.5707963,-0.34906585,81375.686,13355.993,65914.418,8394.548,-820.29712,63.520121
14829.211,-1.5707963,-0.34906585,81446.494,13278.554,65995.185,8336.1466,-855.41358,63.600121
14829.211,-1.5707963,-0.34906585,81530.948,13192.727,66093.433,8280.1011,-891.14442,63.680121
14829.211,-1.5707963,-0.34906585,81610.403,13107.313,66188.009,8224.6597,-927.48197,63.760121
14829.211,-1.5707963,-0.34906585,81696.754,13030.854,66297.946,8175.9202,-964.41856,63.840121
14829.211,-1.5707963,-0.34906585,81784.438,12943.859,66403.856,8121.7039,-1001.9465,63.920121
14829.211,-1.5707963,-0.34906585,81846.135,12847.13,66493.311,8060.992,-1040.0581,64.000121
14829.211,-1.5707963,-0.34906585,81936.017,12761.403,66595.483,8001.1029,-1078.7457,64.080121
14829.211,-1.5707963,-0.34906585,82019.997,12672.912,66701.376,7941.0459,-1118.0016,64.160121
14829.211,-1.5707963,-0.34906585,82114.64,12579.341,66804.247,7881.7314,-1157.8181,64.240121
14829.211,-1.5707963,-0.34906585,82196.536,12489.686,66916.881,7822.4784,-1198.1876,64.320121
14829.211,-1.5707963,-0.34906585,82280.558,12392.192,67023.945,7760.1556,-1239.1023,64.400121
14829.211,-1.5707963,-0.34906585,82368.674,12293.795,67131.485,7690.4152,-1280.5546,64.480121
14829.211,-1.5707963,-0.34906585,82449.867,12195.66,67244.03,7627.9889,-1322.5369,64.560121
14829.211,-1.5707963,-0.34906585,82553.804,12100.443,67355.562,7569.542,-1365.0413,64.640121
14829.211,-1.5707963,-0.34906585,82646.396,12007.689,67476.456,7506.1004,-1408.0603,64.720121
14829.211,-1.5707963,-0.34906585,82740.696,11907.405,67589.659,7439.2385,-1451.5862,64.800121
14829.211,-1.5707963,-0.34906585,82849.549,11801.05,67699.776,7363.4437,-1495.6113,64.880121
14829.211,-1.5707963,-0.34906585,82943.766,11698.01,67813.113,7292.3125,-1540.1279,64.960121
14829.211,-1.5707963,-0.34906585,83035.89,11592.557,67933.336,7227.5606,-1585.1283,65.040121
14829.211,-1.5707963,-0.34906585,83131.838,11496.432,68058.239,7163.8414,-1630.6048,65.120121
14829.211,-1.5707963,-0.34906585,83235.857,11395.657,68184.776,7100.0733,-1676.5498,65.200121
14829.211,-1.5707963,-0.34906585,83331.665,11280.92,68315.95,7028.1946,-1722.9557,65.280121
14829.211,-1.5707963,-0.34906585,83441.723,11166.399,68444.416,6949.3239,-1769.8146,65.360121
14829.211,-1.5707963,-0.34906585,83544.072,11052.274,68565.127,6873.5823,-1817.1189,65.440121
14829.211,-1.5707963,-0.34906585,83622.388,10950.418,68672.325,6802.4983,-1864.861,65.520121
14829.211,-1.5707963,-0.34906585,83743.665,10848.428,68787.945,6733.3674,-1913.0332,65.600121
14829.211,-1.5707963,-0.34906585,83843.896,10733.661,68928.858,6657.7038,-1961.6277,65.680121
14829.211,-1.5707963,-0.34906585,83954.489,10614.297,69084.892,6583.3659,-2010.637,65.760121
14829.211,-1.5707963,-0.34906585,84068.376,10500.096,69223.227,6509.5544,-2060.0533,65.840121
14829.211,-1.5707963,-0.34906585,84171.919,10395.366,69345.591,6439.9151,-2109.8689,65.920121
14829.211,-1.5707963,-0.34906585,84273.981,10286.384,69470.488,6364.0553,-2160.0762,66.000121
14829.211,-1.5707963,-0.34906585,84386.552,10162.587,69605.482,6278.9514,-2210.6675,66.080121
14829.211,-1.5707963,-0.34906585,84503.034,10031.591,69737.808,6193.5273,-2261.6351,66.160121
14829.211,-1.5707963,-0.34906585,84607.72,9915.3631,69875.442,6114.1354,-2312.9714,66.240121
14829.211,-1.5707963,-0.34906585,84714.894,9807.8445,70010.163,6044.862,-2364.6685,66.320121
14829.211,-1.5707963,-0.34906585,84823.677,9695.8631,70152.223,5968.7751,-2416.719,66.400121
14829.211,-1.5707963,-0.34906585,84944.454,9567.8073,70311.23,5889.059,-2469.115,66.480121
14829.211,-1.5707963,-0.34906585,85069.823,9441.9373,70450.344,5802.9336,-2521.849,66.560121
14829.211,-1.5707963,-0.34906585,85166.721,9321.8544,70580.369,5721.1047,-2574.9131,66.640121
14829.211,-1.5707963,-0.34906585,85265.17,9204.9362,70701.244,5640.6244,-2628.2999,66.720121
14829.211,-1.5707963,-0.34906585,85380.168,9073.0637,70849.867,5557.9336,-2682.0015,66.800121
14829.211,-1.5707963,-0.34906585,85515.529,8946.4082,71010.488,5472.6735,-2736.0102,66.880121
14829.211,-1.5707963,-0.34906585,85647.146,8830.2117,71166.515,5394.143,-2790.3185,66.960121
14829.211,-1.5707963,-0.34906585,85760.601,8713.3438,71308.483,5315.6218,-2844.9186,67.040121
14829.211,-1.5707963,-0.34906585,85871.967,8584.6325,71454.442,5231.4773,-2899.8029,67.120121
14829.211,-1.5707963,-0.34906585,85986.555,8445.9755,71599.259,5140.3415,-2954.9636,67.200121
14829.211,-1.5707963,-0.34906585,86091.97,8316.2115,71736.062,5052.35,-3010.3932,67.280121
14829.211,-1.5707963,-0.34906585,86207.746,8196.2276,71871.57,4969.0332,-3066.0838,67.360121
14829.211,-1.5707963,-0.34906585,86340.935,8072.9352,72025.03,4882.9126,-3122.0278,67.440121
14829.211,-1.5707963,-0.34906585,86477.663,7939.9866,72193.055,4799.4781,-3178.2176,67.520121
14829.211,-1.5707963,-0.34906585,86583.263,7811.2033,72356.473,4716.2683,-3234.6455,67.600121
14829.211,-1.5707963,-0.34906585,86704.692,7687.2341,72504.578,4633.498,-3291.3038,67.680121
14829.211,-1.5707963,-0.34906585,86837.543,7561.087,72647.323,4542.5164,-3348.1848,67.760121
14829.211,-1.5707963,-0.34906585,86966.96,7420.5272,72794.905,4448.5816,-3405.2808,67.840121
14829.211,-1.5707963,-0.34906585,87073.505,7289.9502,72939.677,4360.6793,-3462.5841,67.920121
14829.211,-1.5707963,-0.34906585,87193.995,7162.3162,73090.292,4275.0085,-3520.0871,68.000121
14829.211,-1.5707963,-0.34906585,87325.594,7028.8178,73252.001,4186.8071,-3577.7821,68.080121
14829.211,-1.5707963,-0.34906585,87442.946,6893.3346,73419.212,4094.8327,-3635.6614,68.160121
14829.211,-1.5707963,-0.34906585,87571.754,6761.5791,73577.037,4009.9641,-3693.7174,68.240121
14829.211,-1.5707963,-0.34906585,87691.629,6634.7506,73735.78,3926.7759,-3751.9423,68.320121
14829.211,-1.5707963,-0.34906585,87818.939,6498.7532,73885.449,3833.8622,-3810.3284,68.400121
14829.211,-1.5707963,-0.34906585,87950.941,6359.5825,74045.698,3740.0113,-3868.8682,68.480121
14829.211,-1.5707963,-0.34906585,88076.009,6228.2762,74195.178,3651.0502,-3927.5538,68.560121
14829.211,-1.5707963,-0.34906585,88205.08,6099.1313,74345.088,3561.5367,-3986.3777,68.640121
14829.211,-1.5707963,-0.34906585,88327.835,5959.2181,74499.677,3467.0427,-4045.3321,68.720121
14829.211,-1.5707963,-0.34906585,88447.699,5820.966,74666.317,3376.1743,-4104.4094,68.800121
14829.211,-1.5707963,-0.34906585,88568.89,5690.7928,74823.18,3289.7787,-4163.6019,68.880121
14829.211,-1.5707963,-0.34906585,88706.776,5554.7296,74982.285,3197.7909,-4222.9019,68.960121
14829.211,-1.5707963,-0.34906585,88851.515,5416.2895,75142.303,3102.2638,-4282.3018,69.040121
14829.211,-1.5707963,-0.34906585,88966.528,5282.589,75300.654,3014.8195,-4341.7937,69.120121
14829.211,-1.5707963,-0.34906585,89082.176,5149.5148,75466.864,2928.5586,-4401.3702,69.200121
14829.211,-1.5707963,-0.34906585,89218.747,5006.2375,75631.62,2834.1293,-4461.0234,69.280121
14829.211,-1.5707963,-0.34906585,89352.161,4869.9318,75793.082,2742.1532,-4520.7457,69.360121
14829.211,-1.5707963,-0.34906585,89491.323,4740.1745,75950.671,2654.7573,-4580.5295,69.440121
14829.211,-1.5707963,-0.34906585,89620.92,4600.0273,76107.845,2558.7843,-4640.367,69.520121
14829.211,-1.5707963,-0.34906585,89758.205,4460.1238,76264.939,2465.0582,-4700.2506,69.600121
14829.211,-1.5707963,-0.34906585,89864.793,4326.422,76420.562,2378.2201,-4760.1726,69.680121
14829.211,-1.5707963,-0.34906585,89990.098,4186.7005,76584.987,2285.6604,-4820.1253,69.760121
14829.211,-1.5707963,-0.34906585,90125.858,4044.1966,76749.449,2193.2376,-4880.101,69.840121
14829.211,-1.5707963,-0.34906585,90243.826,3909.1304,76892.733,2102.5418,-4940.092,69.920121
14829.211,-1.5707963,-0.34906585,90382.753,3771.9596,77049.427,2007.9732,-5000.0908,70.000121
14829.211,-1.5707963,-0.34906585,90523.175,3631.0905,77208.269,1916.3196,-5060.0895,70.080121
14829.211,-1.5707963,-0.34906585,90626.688,3495.1174,77357.403,1827.1158,-5120.0805,70.160121
14829.211,-1.5707963,-0.34906585,90768.774,3354.9111,77516.194,1732.9815,-5180.0561,70.240121
14829.211,-1.5707963,-0.34906585,90892.93,3215.1063,77668.106,1642.0639,-5240.0087,70.320121
14829.211,-1.5707963,-0.34906585,91020.908,3079.6669,77822.775,1553.4073,-5299.9306,70.400121
14829.211,-1.5707963,-0.34906585,91148.941,2935.1662,77983.004,1461.1564,-5359.8141,70.480121
14829.211,-1.5707963,-0.34906585,91274.42,2798.7391,78138.805,1372.724,-5419.6514,70.560121
14829.211,-1.5707963,-0.34906585,91405.806,2659.8541,78296.529,1284.0573,-5479.435,70.640121
14829.211,-1.5707963,-0.34906585,91538.018,2518.1282,78457.686,1194.3632,-5539.1572,70.720121
14829.211,-1.5707963,-0.34906585,91664.826,2382.6312,78612.924,1108.5223,-5598.8102,70.800121
14829.211,-1.5707963,-0.34906585,91793.929,2239.6805,78765.464,1019.1643,-5658.3864,70.880121
14829.211,-1.5707963,-0.34906585,91922.929,2101.6479,78920.718,932.5838,-5717.8781,70.960121
14829.211,-1.5707963,-0.34906585,92062.661,1961.915,79083.306,846.01927,-5777.2776,71.040121
14829.211,-1.5707963,-0.34906585,92191.46,1820.7874,79233.772,760.30289,-5836.5773,71.120121
14829.211,-1.5707963,-0.34906585,92326.43,1679.9532,79378.163,675.26064,-5895.7694,71.200121
14829.211,-1.5707963,-0.34906585,92464.207,1538.2207,79536.582,591.63974,-5954.8464,71.280121
14829.211,-1.5707963,-0.34906585,92600.551,1397.6388,79679.957,510.31972,-6013.8004,71.360121
14829.211,-1.5707963,-0.34906585,92729.502,1252.6075,79840.197,428.99315,-6072.6239,71.440121
14829.211,-1.5707963,-0.34906585,92879.83,1109.9768,79989.437,351.09197,-6131.3091,71.520121
14829.211,-1.5707963,-0.34906585,93028.88,965.01245,80143.8,275.19897,-6189.8484,71.600121
14829.211,-1.5707963,-0.34906585,93171.927,816.70781,80292.615,201.01676,-6248.2341,71.680121
14829.211,-1.5707963,-0.34906585,93318.296,667.31774,80431.575,133.04308,-6306.4585,71.760121
14829.211,-1.5707963,-0.34906585,93458.099,509.40445,80559.702,70.313498,-6364.5139,71.840121
14829.211,-1.5707963,-0.34906585,93622.232,345.40329,80664.098,33.648117,-6422.3927,71.920121
14829.211,-1.5707963,-0.34906585,93803.682,151.5396,80729.135,19.567509,-6480.0871,72.000121
14829.211,-1.5707963,-0.34906585,93929.16,49.79981,80796.385,0,-6537.5895,72.080121
14829.211,-1.5707963,-0.34906585,93999.367,0,80845.045,0,-6594.8923,72.160121
14829.211,-1.5707963,-0.34906585,94030.398,0,80883.23,0,-6651.9876,72.240121
14829.211,-1.5707963,-0.34906585,94065.329,0,80926.539,0,-6708.8679,72.320121
14829.211,-1.5707963,-0.34906585,94105.888,0,80972.147,0,-6765.5255,72.400121
14829.211,-1.5707963,-0.34906585,94144.95,0,81008.321,0,-6821.9527,72.480121
14829.211,-1.5707963,-0.34906585,94245.046,0,80975.508,0,-6878.1418,72.560121
14829.211,-1.5707963,-0.34906585,94321.284,0,80981.38,0,-6934.0851,72.640121
14829.211,-1.5707963,-0.34906585,94371.642,0,81012.686,0,-6989.7749,72.720121
14829.211,-1.5707963,-0.34906585,94396.811,0,81071.268,0,-7045.2036,72.800121
14829.211,-1.5707963,-0.34906585,94410.994,0,81135.398,0,-7100.3635,72.880121
14829.211,-1.5707963,-0.34906585,94439.504,0,81189.771,0,-7155.247,72.960121
14829.211,-1.5707963,-0.34906585,94488.124,0,81223.026,0,-7209.8462,73.040121
14829.211,-1.5707963,-0.34906585,94542.847,0,81238.749,0,-7264.1536,73.120121
14829.211,-1.5707963,-0.34906585,94519.31,0,80471.839,0,-7318.1615,73.200121
14829.211,-1.5707963,-0.34906585,94065.704,0,83773.777,0,-7371.8621,73.280121
14829.211,-1.5707963,-0.34906585,93950.743,0,83233.292,0,-7425.2479,73.360121
14829.211,-1.5707963,-0.34906585,94189.811,0,79668.639,0,-7478.3111,73.440121
14829.211,-1.5707963,-0.34906585,110613.5,0,76402.831,0,-7531.044,73.520121
14829.211,-1.5707963,-0.34906585,89038.591,0,73113.413,0,-7583.439,73.600121
14829.211,-1.5707963,-0.34906585,65061.546,0,81697.939,0,-7635.4884,73.680121
14829.211,-1.5707963,-0.34906585,96529.086,0,87624.645,0,-7687.1845,73.760121
14829.211,-1.5707963,-0.34906585,102557.54,0,75154.354,0,-7738.5196,73.840121
14829.211,-1.5707963,-0.34906585,90383.677,0,72076.714,0,-7789.4861,73.920121
14829.211,-1.5707963,-0.34906585,85000.972,0,79016.937,0,-7840.0762,74.000121
14829.211,-1.5707963,-0.34906585,102396.31,0,85318.345,0,-7890.2824,74.080121
14829.211,-1.5707963,-0.34906585,93936.105,0,82952.751,0,-7940.0968,74.160121
14829.211,-1.5707963,-0.34906585,97872.151,0,83107.864,0,-7989.5119,74.240121
14829.211,-1.5707963,-0.34906585,92515.977,0,79435.536,0,-8038.5199,74.320121
14829.211,-1.5707963,-0.34906585,94734.554,0,82781.378,0,-8087.1132,74.400121
14829.211,-1.5707963,-0.34906585,98058.493,0,82761.939,0,-8135.2841,74.480121
14829.211,-1.5707963,-0.34906585,92415.857,0,79437.287,0,-8183.0248,74.560121
14829.211,-1.5707963,-0.34906585,95431.117,0,82617.594,0,-8230.3279,74.640121
14829.211,-1.5707963,-0.34906585,97644.616,0,82427.691,0,-8277.1854,74.720121
14829.211,-1.5707963,-0.34906585,93313.178,0,78712.852,0,-8323.5898,74.800121
14829.211,-1.5707963,-0.34906585,96032.193,0,81289.507,0,-8369.5335,74.880121
14829.211,-1.5707963,-0.34906585,98671.338,0,81377.152,0,-8415.0086,74.960121
14829.211,-1.5707963,-0.34906585,99923.366,0,84067.005,0,-8460.0075,75.040121
14829.211,-1.5707963,-0.34906585,97041.263,0,79088.89,0,-8504.5226,75.120121
14829.211,-1.5707963,-0.34906585,92403.307,0,75845.186,0,-8548.5462,75.200121
14829.211,-1.5707963,-0.34906585,92384.986,0,77856.307,0,-8592.0706,75.280121
14829.211,-1.5707963,-0.34906585,95760.847,0,76156.127,0,-8635.088,75.360121
14829.211,-1.5707963,-0.34906585,95990.589,0,72269.492,0,-8677.5909,75.440121
14829.211,-1.5707963,-0.34906585,90913.104,0,75520.613,0,-8719.5716,75.520121
14829.211,-1.5707963,-0.34906585,95739.357,0,79905.282,0,-8761.0223,75.600121
14829.211,-1.5707963,-0.34906585,86005.326,0,75632.711,0,-8801.9354,75.680121
14829.211,-1.5707963,-0.34906585,85609.384,0,78200.908,0,-8842.3032,75.760121
14829.211,-1.5707963,-0.34906585,89181.199,0,67204.184,0,-8882.118,75.840121
14829.211,-1.5707963,-0.34906585,89148.198,0,63184.619,0,-8921.3722,75.920121
14829.211,-1.5707963,-0.34906585,85821.154,0,63602.507,0,-8960.0581,76.000121
14829.211,-1.5707963,-0.34906585,75831.393,0,70540.053,0,-8998.1679,76.080121
14829.211,-1.5707963,-0.34906585,74093.795,0,57738.938,0,-9035.6941,76.160121
14829.211,-1.5707963,-0.34906585,84470.642,0,38245.791,0,-9072.6289,76.240121
14829.211,-1.5707963,-0.34906585,79423.825,0,54695.892,0,-9108.9646,76.320121
14829.211,-1.5707963,-0.34906585,50449.523,0,49626.978,0,-9144.6936,76.400121
14829.211,-1.5707963,-0.34906585,47670.651,0,40860.788,0,-9179.8082,76.480121
14829.211,-1.5707963,-0.34906585,54871.264,0,25587.594,0,-9214.3007,76.560121
14829.211,-1.5707963,-0.34906585,45010.764,0,24803.358,0,-9248.1634,76.640121
14829.211,-1.5707963,-0.34906585,34807.132,0,29314.055,0,-9281.3886,76.720121
14829.211,-1.5707963,-0.34906585,27138.857,0,12990.612,0,-9313.9688,76.800121
14829.211,-1.5707963,-0.34906585,24957.747,0,9513.8675,0,-9345.8961,76.880121
14829.211,-1.5707963,-0.34906585,9920.7567,0,13023.028,0,-9377.1629,76.960121
14829.211,-1.5707963,-0.34906585,3978.1742,0,4299.0254,0,-9407.7616,77.040121
14829.211,-1.5707963,-0.34906585,-3675.2445,0,-4788.0098,0,-9437.6844,77.120121
14829.211,-1.5707963,-0.34906585,0,0,0,0,-9466.9237,77.200121
14829.211,-1.5707963,-0.34906585,0,0,0,0,-9495.4718,77.280121
14829.211,-1.5707963,-0.34906585,0,0,-131380.32,0,-9523.321,77.360121
14829.211,-1.5707963,-0.34906585,0,0,110127.63,0,-9550.4636,77.440121
14829.211,-1.5707963,-0.34906585,1079284.3,0,-4196400.7,0,-9576.8919,77.520121
14829.211,-1.5707963,-0.34906585,-714494.16,0,0,0,-9602.5983,77.600121
14829.211,-1.5707963,-0.34906585,0,0,0,0,-9627.5751,77.680121
14829.211,-1.5707963,-0.34906585,446337.55,0,0,0,-9651.8147,77.760121
14829.211,-1.5707963,-0.34906585,0,0,0,7654.9619,-9675.3092,77.840121
14829.211,-1.5707963,-0.34906585,1021655.3,0,0,0,-9698.0511,77.920121
14829.211,-1.5707963,-0.34906585,0,0,0,0,-9720.0327,78.000121
14829.211,-1.5707963,-0.34906585,0,0,0,0,-9741.2462,78.080121
14829.211,-1.5707963,-0.34906585,0,0,0,0,-9761.6841,78.160121
14829.211,-1.5707963,-0.34906585,0,0,0,0,-9781.3386,78.240121
14829.211,-1.5707963,-0.34906585,0,0,0,0,-9800.202,78.320121
14829.211,-1.5707963,-0.34906585,0,0,0,0,-9818.2667,78.400121
14829.211,-1.5707963,-0.34906585,0,0,0,0,-9835.525,78.480121
14829.211,-1.5707963,-0.34906585,0,0,0,0,-9851.9692,78.560121
14829.211,-1.5707963,-0.34906585,0,0,0,0,-9867.5916,78.640121
14829.211,-1.5707963,-0.34906585,0,0,0,0,-9882.3846,78.720121
14829.211,-1.5707963,-0.34906585,0,0,0,0,-9896.3405,78.800121
14829.211,-1.5707963,-0.34906585,0,0,0,0,-9909.4515,78.880121
14829.211,-1.5707963,-0.34906585,0,0,0,0,-9921.7101,78.960121
14829.211,-1.5707963,-0.34906585,0,0,0,0,-9933.1084,79.040121
14829.211,-1.5707963,-0.34906585,0,0,0,0,-9943.6389,79.120121
14829.211,-1.5707963,-0.34906585,0,0,0,0,-9953.2939,79.200121
14829.211,-1.5707963,-0.34906585,0,0,0,0,-9962.0657,79.280121
14829.211,-1.5707963,-0.34906585,0,0,0,0,-9969.9466,79.360121
14829.211,-1.5707963,-0.34906585,0,0,0,0,-9976.9289,79.440121
14829.211,-1.5707963,-0.34906585,0,0,0,0,-9983.005,79.520121
14829.211,-1.5707963,-0.34906585,0,0,0,0,-9988.1671,79.600121
14829.211,-1.5707963,-0.34906585,0,0,0,0,-9992.4076,79.680121
14829.211,-1.5707963,-0.34906585,0,0,0,0,-9995.7189,79.760121
14829.211,-1.5707963,-0.34906585,0,0,0,0,-9998.0931,79.840121
14829.211,-1.5707963,-0.34906585,0,0,0,0,-9999.5227,79.920121
14829.211,-1.5707963,-0.34906585,0,0,0,0,-10000,80
